"","ID","Date","Block","Primary.Type","Description","X.Coordinate","Y.Coordinate","Year","Latitude","Longitude","Location"
"1339784",19234,"12/30/2009 11:42:00 PM","051XX N ST LOUIS AVE","HOMICIDE","FIRST DEGREE MURDER",1152075,1934142,2009,41.9751579281379,-87.7161458723577,"(41.97515792813787, -87.71614587235767)"
"1339959",19233,"12/30/2009 08:10:00 PM","003XX W 333","HOMICIDE","FIRST DEGREE MURDER",1176062,1825971,2009,41.6778194880963,-87.6311890689223,"(41.677819488096304, -87.63118906892231)"
"1340383",19231,"12/30/2009 12:30:00 PM","038XX W ROOSEVELT RD","HOMICIDE","FIRST DEGREE MURDER",1150825,1894473,2009,41.8663272649485,-87.721782870869,"(41.86632726494847, -87.72178287086903)"
"1340574",19232,"12/30/2009 05:45:00 AM","010XX W 14TH ST","HOMICIDE","FIRST DEGREE MURDER",1169664,1893608,2009,41.8635645423226,-87.652648484639,"(41.863564542322635, -87.65264848463902)"
"1340618",19229,"12/30/2009 02:12:00 AM","035XX S DR MARTIN LUTHER KING JR DR","HOMICIDE","FIRST DEGREE MURDER",1179397,1881432,2009,41.8299354638212,-87.6172923653629,"(41.82993546382116, -87.61729236536287)"
"1342425",19226,"12/27/2009 09:31:00 PM","082XX S EVANS AVE","HOMICIDE","FIRST DEGREE MURDER",1182615,1850722,2009,41.7455902955338,-87.6064382675793,"(41.74559029553377, -87.60643826757926)"
"1343132",19225,"12/26/2009 10:42:00 PM","043XX S EVANS AVE","HOMICIDE","FIRST DEGREE MURDER",1181954,1876212,2009,41.8155525353833,-87.6080725090427,"(41.81555253538335, -87.60807250904269)"
"1344727",19224,"12/24/2009 04:48:00 PM","008XX E 818","HOMICIDE","FIRST DEGREE MURDER",1182621,1874067,2009,41.8096510174815,-87.6056924866171,"(41.80965101748147, -87.60569248661713)"
"1345215",19223,"12/23/2009 11:10:00 PM","070XX W GRAND AVE","HOMICIDE","FIRST DEGREE MURDER",1128760,1915136,2009,41.9234322150502,-87.8023174959817,"(41.923432215050205, -87.8023174959817)"
"1345957",19222,"12/23/2009 04:55:00 AM","017XX N LONG AVE","HOMICIDE","FIRST DEGREE MURDER",1140094,1910860,2009,41.9114982488493,-87.7607764568113,"(41.91149824884933, -87.76077645681127)"
"1347571",19221,"12/21/2009 11:35:00 AM","068XX N WAYNE AVE","HOMICIDE","FIRST DEGREE MURDER",1165861,1945509,2009,42.0060655298649,-87.6651240047225,"(42.00606552986491, -87.66512400472251)"
"1348055",19220,"12/20/2009 07:47:00 PM","068XX S ARTESIAN AVE","HOMICIDE","FIRST DEGREE MURDER",1161175,1859428,2009,41.7699509987402,-87.6847580458937,"(41.76995099874023, -87.68475804589373)"
"1348967",19219,"12/19/2009 08:02:00 PM","093XX S MAY ST","HOMICIDE","FIRST DEGREE MURDER",1170335,1842870,2009,41.7243191572631,-87.651662199189,"(41.72431915726314, -87.65166219918898)"
"1352142",19217,"12/16/2009 04:46:00 PM","029XX W IRVING PARK RD","HOMICIDE","FIRST DEGREE MURDER",1156038,1926404,2009,41.9538451318221,-87.7017822642313,"(41.95384513182208, -87.7017822642313)"
"1352297",19216,"12/16/2009 02:02:00 PM","055XX S SEELEY AVE","HOMICIDE","FIRST DEGREE MURDER",1163679,1867855,2009,41.7930236152618,-87.6753430381966,"(41.79302361526182, -87.6753430381966)"
"1352824",19215,"12/15/2009 09:22:00 PM","059XX S WABASH AVE","HOMICIDE","FIRST DEGREE MURDER",1177768,1865774,2009,41.7870056195623,-87.6237434412043,"(41.7870056195623, -87.62374344120431)"
"1353294",19214,"12/15/2009 12:20:00 PM","038XX W DIVERSEY AVE","HOMICIDE","FIRST DEGREE MURDER",1150190,1918300,2009,41.9317233526282,-87.7234922509613,"(41.93172335262818, -87.72349225096126)"
"1355193",19213,"12/13/2009 12:55:00 PM","044XX W THOMAS ST","HOMICIDE","FIRST DEGREE MURDER",1146699,1906921,2009,41.900565668404,-87.7366121883683,"(41.90056566840403, -87.7366121883683)"
"1355395",19212,"12/13/2009 04:40:00 AM","031XX W 45TH ST","HOMICIDE","FIRST DEGREE MURDER",1156198,1874675,2009,41.8118924746597,-87.7025917185531,"(41.81189247465969, -87.70259171855311)"
"1355452",19211,"12/13/2009 02:37:00 AM","029XX E 79TH ST","HOMICIDE","FIRST DEGREE MURDER",1197451,1853119,2009,41.7518110668426,-87.5519976987893,"(41.75181106684263, -87.55199769878926)"
"1355724",19207,"12/12/2009 09:00:00 PM","003XX W 317","HOMICIDE","FIRST DEGREE MURDER",1174978,1870769,2009,41.8007751411326,-87.6338240226065,"(41.800775141132554, -87.63382402260648)"
"1356386",19209,"12/12/2009 04:12:00 AM","041XX W LAKE ST","HOMICIDE","FIRST DEGREE MURDER",1148773,1901459,2009,41.8855375184688,-87.7291354805809,"(41.8855375184688, -87.72913548058088)"
"1356478",19208,"12/12/2009 01:15:00 AM","053XX S MARSHFIELD AVE","HOMICIDE","FIRST DEGREE MURDER",1166207,1869369,2009,41.7971247434485,-87.6660300291497,"(41.7971247434485, -87.66603002914968)"
"1356733",19206,"12/11/2009 08:05:00 PM","078XX S KINGSTON AVE","HOMICIDE","FIRST DEGREE MURDER",1194586,1853604,2009,41.7532128612512,-87.5624804594951,"(41.75321286125123, -87.5624804594951)"
"1357644",19204,"12/10/2009 08:20:00 PM","083XX S RHODES AVE","HOMICIDE","FIRST DEGREE MURDER",1181204,1849940,2009,41.7434769916252,-87.6116324164731,"(41.74347699162523, -87.61163241647313)"
"1357673",19203,"12/10/2009 07:44:00 PM","016XX W 78TH ST","HOMICIDE","FIRST DEGREE MURDER",1166936,1852952,2009,41.7520588248115,-87.6638253757341,"(41.75205882481155, -87.66382537573413)"
"1358400",19199,"12/09/2009 09:50:00 PM","113XX S ABERDEEN ST","HOMICIDE","FIRST DEGREE MURDER",1171070,1829303,2009,41.6870732252275,-87.6493646184787,"(41.687073225227536, -87.64936461847871)"
"1358401",19200,"12/09/2009 09:50:00 PM","113XX S ABERDEEN ST","HOMICIDE","FIRST DEGREE MURDER",1171070,1829303,2009,41.6870732252275,-87.6493646184787,"(41.687073225227536, -87.64936461847871)"
"1358969",19202,"12/09/2009 10:25:00 AM","050XX N CENTRAL PARK AVE","HOMICIDE","FIRST DEGREE MURDER",1151427,1933539,2009,41.9735160447864,-87.7185447157028,"(41.9735160447864, -87.71854471570285)"
"1359528",19197,"12/08/2009 05:45:00 PM","043XX W OGDEN AVE","HOMICIDE","FIRST DEGREE MURDER",1147599,1887776,2009,41.8480123042525,-87.7337975934203,"(41.84801230425248, -87.7337975934203)"
"1362731",19195,"12/05/2009 05:01:00 AM","036XX W GRAND AVE","HOMICIDE","FIRST DEGREE MURDER",1152085,1907562,2009,41.9022201276261,-87.7168120538881,"(41.90222012762612, -87.71681205388815)"
"1362906",19196,"12/05/2009 12:01:00 AM","027XX W CERMAK RD","HOMICIDE","FIRST DEGREE MURDER",1158406,1889317,2009,41.8520270927092,-87.694093140187,"(41.8520270927092, -87.69409314018698)"
"1363777",19192,"12/04/2009 06:43:00 AM","005XX W 511","HOMICIDE","FIRST DEGREE MURDER",1174117,1855145,2009,41.7579203323399,-87.63744526669,"(41.75792033233993, -87.63744526669002)"
"1364777",19194,"12/03/2009 04:32:00 AM","004XX W 441","HOMICIDE","FIRST DEGREE MURDER",1174266,1863449,2009,41.7807041606273,-87.636652687481,"(41.78070416062731, -87.63665268748103)"
"1364782",19191,"12/03/2009 03:50:00 AM","001XX W 147","HOMICIDE","FIRST DEGREE MURDER",1176436,1855878,2009,41.7598799789472,-87.6289244386262,"(41.75987997894722, -87.62892443862619)"
"1365325",19190,"12/02/2009 02:56:00 PM","014XX N KILDARE AVE","HOMICIDE","FIRST DEGREE MURDER",1147410,1909254,2009,41.9069540625542,-87.7339407461919,"(41.90695406255423, -87.7339407461919)"
"1367377",19187,"11/30/2009 06:15:00 PM","067XX S EVANS AVE","HOMICIDE","FIRST DEGREE MURDER",1182417,1860467,2009,41.7723361663514,-87.6068622273536,"(41.772336166351366, -87.60686222735357)"
"1367936",19188,"11/30/2009 07:35:00 AM","064XX S MARSHFIELD AVE","HOMICIDE","FIRST DEGREE MURDER",1166473,1861947,2009,41.7767521883017,-87.6652660558608,"(41.77675218830169, -87.66526605586084)"
"1369382",19185,"11/28/2009 04:45:00 PM","005XX E 539","HOMICIDE","FIRST DEGREE MURDER",1180777,1875923,2009,41.8147866750277,-87.6123987997279,"(41.81478667502771, -87.61239879972788)"
"1369857",19184,"11/28/2009 02:30:00 AM","018XX W 80TH ST","HOMICIDE","FIRST DEGREE MURDER",1165111,1851660,2009,41.7485521666374,-87.6705496768304,"(41.7485521666374, -87.6705496768304)"
"1369945",19183,"11/28/2009 12:05:00 AM","035XX W 13TH PL","HOMICIDE","FIRST DEGREE MURDER",1152738,1893710,2009,41.8641958961274,-87.7147802067612,"(41.86419589612738, -87.71478020676123)"
"1370446",19182,"11/27/2009 03:17:00 PM","004XX S 425","HOMICIDE","FIRST DEGREE MURDER",1139176,1897160,2009,41.8739205140289,-87.7644826210689,"(41.87392051402885, -87.76448262106886)"
"1370655",19181,"11/27/2009 11:02:00 AM","027XX W WILCOX ST","HOMICIDE","FIRST DEGREE MURDER",1157987,1899199,2009,41.8791528615437,-87.6953614521669,"(41.87915286154371, -87.69536145216686)"
"1370918",19180,"11/26/2009 11:59:00 PM","034XX W MADISON ST","HOMICIDE","FIRST DEGREE MURDER",1153279,1899760,2009,41.8807870370056,-87.7126335982726,"(41.880787037005625, -87.71263359827257)"
"1371574",19179,"11/26/2009 12:10:00 AM","008XX W 810","HOMICIDE","FIRST DEGREE MURDER",1171834,1865770,2009,41.7871269726842,-87.6455007556506,"(41.7871269726842, -87.64550075565059)"
"1372748",19178,"11/24/2009 10:25:00 PM","034XX W DOUGLAS BLVD","HOMICIDE","FIRST DEGREE MURDER",1153599,1893281,2009,41.8630016054393,-87.7116308873009,"(41.863001605439294, -87.71163088730086)"
"1375985",19177,"11/21/2009 06:16:00 PM","075XX S MARSHFIELD AVE","HOMICIDE","FIRST DEGREE MURDER",1166613,1854622,2009,41.7566484281399,-87.664961485854,"(41.756648428139925, -87.66496148585404)"
"1379368",19176,"11/18/2009 03:14:00 PM","029XX E 87TH ST","HOMICIDE","FIRST DEGREE MURDER",1197434,1847895,2009,41.7374764417743,-87.5522337646486,"(41.73747644177431, -87.55223376464862)"
"1380083",19230,"11/17/2009 08:50:00 PM","025XX W 70TH ST","HOMICIDE","FIRST DEGREE MURDER",1160816,1858197,2009,41.766580378848,-87.6861079496168,"(41.76658037884804, -87.68610794961683)"
"1380417",19175,"11/17/2009 03:43:00 PM","033XX W HURON ST","HOMICIDE","FIRST DEGREE MURDER",1153664,1904420,2009,41.8935668948963,-87.7110958240726,"(41.893566894896274, -87.71109582407261)"
"1381490",19174,"11/16/2009 01:30:00 PM","005XX W 547","HOMICIDE","FIRST DEGREE MURDER",1173559,1863767,2009,41.781592477351,-87.6392352601606,"(41.78159247735102, -87.6392352601606)"
"1381641",19173,"11/16/2009 10:29:00 AM","042XX W WALTON ST","HOMICIDE","FIRST DEGREE MURDER",1148143,1905962,2009,41.8979063877045,-87.7313329664744,"(41.897906387704495, -87.73133296647437)"
"1382781",19169,"11/15/2009 03:00:00 AM","005XX W 522","HOMICIDE","FIRST DEGREE MURDER",1173713,1866508,2009,41.7891106678712,-87.638589463323,"(41.78911066787119, -87.63858946332304)"
"1382833",19170,"11/15/2009 01:58:00 AM","083XX S VINCENNES AVE","HOMICIDE","FIRST DEGREE MURDER",1174359,1849873,2009,41.7434479323277,-87.6367148013226,"(41.7434479323277, -87.63671480132255)"
"1384211",20476,"11/13/2009 10:16:00 PM","020XX W 18TH ST","HOMICIDE","FIRST DEGREE MURDER",1162905,1891357,2009,41.8575319605714,-87.6775233900408,"(41.857531960571436, -87.67752339004079)"
"1385143",19168,"11/13/2009 07:30:00 AM","029XX E 87TH ST","HOMICIDE","FIRST DEGREE MURDER",1197454,1847895,2009,41.7374759436377,-87.5521604918305,"(41.73747594363773, -87.55216049183049)"
"1389000",19166,"11/09/2009 04:02:00 PM","021XX S CALIFORNIA AVE","HOMICIDE","FIRST DEGREE MURDER",1158057,1889904,2009,41.8536450065426,-87.6953580623361,"(41.85364500654259, -87.69535806233613)"
"1389736",19165,"11/08/2009 11:29:00 PM","015XX S CHRISTIANA AVE","HOMICIDE","FIRST DEGREE MURDER",1154328,1892076,2009,41.8596804334066,-87.7089869533782,"(41.85968043340655, -87.70898695337816)"
"1389833",19164,"11/08/2009 09:30:00 PM","007XX E 705","HOMICIDE","FIRST DEGREE MURDER",1181752,1876617,2009,41.8166685624187,-87.6088009460999,"(41.81666856241874, -87.60880094609989)"
"1390552",19163,"11/08/2009 04:38:00 AM","015XX W WEBSTER AVE","HOMICIDE","FIRST DEGREE MURDER",1165417,1914757,2009,41.9216903153205,-87.6676365400458,"(41.92169031532049, -87.66763654004585)"
"1390652",19161,"11/08/2009 02:00:00 AM","035XX S LAKE PARK AVE","HOMICIDE","FIRST DEGREE MURDER",1181908,1881730,2009,41.8306953948612,-87.6080703832246,"(41.830695394861245, -87.60807038322459)"
"1390742",19162,"11/08/2009 12:39:00 AM","019XX S TRUMBULL AVE","HOMICIDE","FIRST DEGREE MURDER",1153693,1890097,2009,41.854262477735,-87.7113704896947,"(41.854262477734956, -87.71137048969466)"
"1392864",19160,"11/06/2009 04:25:00 AM","033XX N HARDING AVE","HOMICIDE","FIRST DEGREE MURDER",1149431,1921934,2009,41.9417101355901,-87.7261868990126,"(41.941710135590114, -87.72618689901263)"
"1394117",19158,"11/04/2009 11:25:00 PM","054XX W WEST END AVE","HOMICIDE","FIRST DEGREE MURDER",1140264,1900988,2009,41.8844051831017,-87.7603941162616,"(41.884405183101656, -87.76039411626157)"
"1394334",19157,"11/04/2009 07:14:00 PM","036XX W AUGUSTA BLVD","HOMICIDE","FIRST DEGREE MURDER",1152163,1906387,2009,41.8989942754533,-87.7165565759319,"(41.898994275453276, -87.7165565759319)"
"1394579",19156,"11/04/2009 03:05:00 PM","038XX W WILCOX ST","HOMICIDE","FIRST DEGREE MURDER",1150637,1899097,2009,41.8790197168449,-87.7223522115058,"(41.87901971684489, -87.72235221150578)"
"1395932",19155,"11/03/2009 10:25:00 AM","006XX E 606","HOMICIDE","FIRST DEGREE MURDER",1181696,1852800,2009,41.7513138094759,-87.6097415892853,"(41.75131380947589, -87.60974158928529)"
"1397275",19150,"11/01/2009 11:40:00 PM","068XX S ABERDEEN ST","HOMICIDE","FIRST DEGREE MURDER",1170125,1859337,2009,41.7695113949283,-87.6519537776908,"(41.76951139492826, -87.6519537776908)"
"1397286",19154,"11/01/2009 11:05:00 PM","048XX W CHICAGO AVE","HOMICIDE","FIRST DEGREE MURDER",1143608,1904906,2009,41.895094715812,-87.7480162225992,"(41.895094715812014, -87.74801622259922)"
"1397743",19151,"11/01/2009 01:34:00 PM","0000X N DAMEN AVE","HOMICIDE","FIRST DEGREE MURDER",1163029,1900399,2009,41.8823414247652,-87.6768143992236,"(41.88234142476515, -87.67681439922357)"
"1398070",19152,"11/01/2009 04:27:00 AM","042XX W DIVISION ST","HOMICIDE","FIRST DEGREE MURDER",1148002,1907624,2009,41.9024698034298,-87.7318080486282,"(41.90246980342977, -87.73180804862817)"
"1398081",19153,"11/01/2009 04:00:00 AM","017XX N ROCKWELL ST","HOMICIDE","FIRST DEGREE MURDER",1158716,1911717,2009,41.9134884295945,-87.6923412832358,"(41.91348842959451, -87.6923412832358)"
"1398260",19149,"11/01/2009 01:05:00 AM","053XX W DIVISION ST","HOMICIDE","FIRST DEGREE MURDER",1140161,1907510,2009,41.9023042340778,-87.7606124866763,"(41.902304234077846, -87.76061248667632)"
"1399079",19159,"10/31/2009 01:20:00 PM","017XX W 57TH ST","HOMICIDE","FIRST DEGREE MURDER",1165904,1866940,2009,41.7904657218339,-87.6672101890714,"(41.790465721833854, -87.66721018907144)"
"1399383",19148,"10/31/2009 04:07:00 AM","042XX W CERMAK RD","HOMICIDE","FIRST DEGREE MURDER",1148649,1889084,2009,41.8515814433854,-87.7299102783122,"(41.851581443385356, -87.72991027831219)"
"1399685",19147,"10/30/2009 10:32:00 PM","017XX E 84TH PL","HOMICIDE","FIRST DEGREE MURDER",1189528,1849262,2009,41.7414208752816,-87.5811548783896,"(41.74142087528161, -87.58115487838961)"
"1401502",19320,"10/29/2009 11:11:00 AM","023XX S STATE ST","HOMICIDE","FIRST DEGREE MURDER",1176642,1888858,2009,41.8503755419143,-87.6271763659544,"(41.85037554191431, -87.6271763659544)"
"1402625",19146,"10/28/2009 10:39:00 AM","073XX S CARPENTER ST","HOMICIDE","FIRST DEGREE MURDER",1170625,1856089,2009,41.7605875907891,-87.6502155583088,"(41.76058759078906, -87.65021555830882)"
"1403239",19143,"10/27/2009 06:20:00 PM","042XX S PRAIRIE AVE","HOMICIDE","FIRST DEGREE MURDER",1178705,1876953,2009,41.8176605306416,-87.6199677341568,"(41.817660530641604, -87.61996773415679)"
"1403340",19145,"10/27/2009 04:26:00 PM","068XX S ASHLAND AVE","HOMICIDE","FIRST DEGREE MURDER",1166904,1859048,2009,41.7687877579796,-87.6637687646695,"(41.76878775797955, -87.66376876466954)"
"1403341",19144,"10/27/2009 04:26:00 PM","068XX S ASHLAND AVE","HOMICIDE","FIRST DEGREE MURDER",1166904,1859048,2009,41.7687877579796,-87.6637687646695,"(41.76878775797955, -87.66376876466954)"
"1403864",19142,"10/27/2009 06:43:00 AM","009XX E 923","HOMICIDE","FIRST DEGREE MURDER",1184272,1838430,2009,41.7118210807607,-87.6007501069555,"(41.711821080760686, -87.60075010695546)"
"1404060",19141,"10/26/2009 11:44:00 PM","022XX N TRIPP AVE","HOMICIDE","FIRST DEGREE MURDER",1147637,1914754,2009,41.9220422481109,-87.7329654431013,"(41.92204224811086, -87.73296544310126)"
"1404850",19140,"10/26/2009 09:20:00 AM","067XX S DAMEN AVE","HOMICIDE","FIRST DEGREE MURDER",1164142,1860191,2009,41.7719828628198,-87.6738607997324,"(41.77198286281979, -87.6738607997324)"
"1405160",19136,"10/25/2009 10:49:00 PM","059XX W WALTON ST","HOMICIDE","FIRST DEGREE MURDER",1136889,1905769,2009,41.8975860271097,-87.7726730279324,"(41.897586027109654, -87.7726730279324)"
"1405179",19138,"10/25/2009 10:27:00 PM","039XX W GRENSHAW ST","HOMICIDE","FIRST DEGREE MURDER",1150230,1894788,2009,41.8672032722485,-87.7239589793326,"(41.86720327224853, -87.72395897933258)"
"1405867",19137,"10/25/2009 06:40:00 AM","050XX S ST LAWRENCE AVE","HOMICIDE","FIRST DEGREE MURDER",1181142,1871963,2009,41.8039117023289,-87.6111820032962,"(41.803911702328875, -87.61118200329625)"
"1405969",19135,"10/25/2009 02:35:00 AM","063XX S ROCKWELL ST","HOMICIDE","FIRST DEGREE MURDER",1160170,1862417,2009,41.7781739782369,-87.6883598005387,"(41.77817397823688, -87.68835980053873)"
"1406008",19134,"10/25/2009 01:35:00 AM","049XX S LANGLEY AVE","HOMICIDE","FIRST DEGREE MURDER",1181724,1872336,2009,41.8049218067495,-87.6090360070182,"(41.80492180674951, -87.60903600701818)"
"1406299",19133,"10/24/2009 09:15:00 PM","105XX S PEORIA ST","HOMICIDE","FIRST DEGREE MURDER",1172143,1834883,2009,41.7023621732067,-87.6452733379058,"(41.702362173206716, -87.64527333790583)"
"1407475",19132,"10/23/2009 08:40:00 PM","015XX W 87TH ST","HOMICIDE","FIRST DEGREE MURDER",1167798,1847082,2009,41.7359322631947,-87.6608346363673,"(41.73593226319474, -87.66083463636731)"
"1408843",19131,"10/22/2009 02:41:00 PM","011XX W 47TH ST","HOMICIDE","FIRST DEGREE MURDER",1169456,1873590,2009,41.8086378021555,-87.6539932096881,"(41.808637802155545, -87.6539932096881)"
"1411802",19130,"10/19/2009 11:48:00 PM","080XX S SOUTH SHORE DR","HOMICIDE","FIRST DEGREE MURDER",1198587,1852297,2009,41.7495270570912,-87.547862379162,"(41.749527057091235, -87.54786237916196)"
"1414756",19129,"10/17/2009 04:05:00 AM","056XX S ASHLAND AVE","HOMICIDE","FIRST DEGREE MURDER",1166677,1867222,2009,41.7912230938446,-87.6643677468709,"(41.791223093844565, -87.66436774687094)"
"1417026",19128,"10/15/2009 04:47:00 AM","080XX S MANISTEE AVE","HOMICIDE","FIRST DEGREE MURDER",1195860,1852296,2009,41.749592192317,-87.5578550360218,"(41.749592192317024, -87.5578550360218)"
"1417062",19127,"10/15/2009 02:01:00 AM","020XX N MILWAUKEE AVE","HOMICIDE","FIRST DEGREE MURDER",1159347,1913561,2009,41.9185355403641,-87.6899722963363,"(41.91853554036408, -87.68997229633625)"
"1421046",19123,"10/11/2009 06:04:00 AM","014XX N WASHTENAW AVE","HOMICIDE","FIRST DEGREE MURDER",1158105,1909743,2009,41.9080841237149,-87.6946399781737,"(41.9080841237149, -87.69463997817371)"
"1422131",19121,"10/10/2009 07:51:00 AM","092XX S WOODLAWN AVE","HOMICIDE","FIRST DEGREE MURDER",1185861,1843989,2009,41.7270383669606,-87.5947561843269,"(41.72703836696059, -87.59475618432693)"
"1422567",19120,"10/09/2009 08:38:00 PM","007XX N 735","HOMICIDE","FIRST DEGREE MURDER",1149959,1904777,2009,41.8946194651661,-87.7246937989306,"(41.894619465166116, -87.72469379893063)"
"1423668",19119,"10/08/2009 07:35:00 PM","001XX N 156","HOMICIDE","FIRST DEGREE MURDER",1142980,1900651,2009,41.8834302222004,-87.7504288923626,"(41.88343022220036, -87.75042889236259)"
"1424613",19117,"10/07/2009 09:30:00 PM","025XX W GLENLAKE AVE","HOMICIDE","FIRST DEGREE MURDER",1158407,1940455,2009,41.992353534958,-87.692687264015,"(41.99235353495802, -87.69268726401503)"
"1424672",19118,"10/07/2009 08:53:00 PM","033XX W MADISON ST","HOMICIDE","FIRST DEGREE MURDER",1153843,1899772,2009,41.8808087541988,-87.7105623041688,"(41.880808754198824, -87.71056230416882)"
"1427206",19115,"10/05/2009 03:21:00 PM","093XX S BURNSIDE AVE","HOMICIDE","FIRST DEGREE MURDER",1182413,1842630,2009,41.7233895983142,-87.6074285031183,"(41.72338959831422, -87.60742850311826)"
"1427437",19116,"10/05/2009 11:00:00 AM","013XX E 93RD ST","HOMICIDE","FIRST DEGREE MURDER",1186632,1843617,2009,41.7259993703281,-87.5919436842561,"(41.72599937032812, -87.5919436842561)"
"1428026",19113,"10/04/2009 07:26:00 PM","043XX N CLAREMONT AVE","HOMICIDE","FIRST DEGREE MURDER",1159877,1928946,2009,41.9607420188773,-87.6875992369032,"(41.96074201887731, -87.68759923690317)"
"1428513",19114,"10/04/2009 06:00:00 AM","031XX S KEDZIE AVE","HOMICIDE","FIRST DEGREE MURDER",1155499,1883313,2009,41.835610297816,-87.7049239085082,"(41.835610297815954, -87.70492390850823)"
"1428655",19112,"10/04/2009 01:42:00 AM","013XX W WASHBURNE AVE","HOMICIDE","FIRST DEGREE MURDER",1167800,1894477,2009,41.8659895017947,-87.65946603167,"(41.865989501794715, -87.65946603167)"
"1429418",19111,"10/03/2009 10:00:00 AM","043XX W GLADYS AVE","HOMICIDE","FIRST DEGREE MURDER",1147531,1897961,2009,41.8759625099715,-87.7337861233958,"(41.875962509971544, -87.73378612339576)"
"1429589",19110,"10/03/2009 02:55:00 AM","0000X S KEELER AVE","HOMICIDE","FIRST DEGREE MURDER",1148435,1899624,2009,41.8805085962703,-87.730424033487,"(41.88050859627028, -87.73042403348695)"
"1429675",19109,"10/03/2009 12:53:00 AM","030XX S DAMEN AVE","HOMICIDE","FIRST DEGREE MURDER",1163493,1884273,2009,41.8380804112804,-87.6755642498758,"(41.838080411280444, -87.67556424987576)"
"1434170",19107,"09/28/2009 08:34:00 PM","039XX W ROOSEVELT RD","HOMICIDE","FIRST DEGREE MURDER",1150068,1894454,2009,41.8662898912549,-87.7245624045298,"(41.86628989125487, -87.7245624045298)"
"1434233",19106,"09/28/2009 07:27:00 PM","049XX W HUBBARD ST","HOMICIDE","FIRST DEGREE MURDER",1143333,1902518,2009,41.8885469074948,-87.7490859582407,"(41.88854690749481, -87.74908595824073)"
"1435257",19104,"09/27/2009 09:14:00 PM","060XX S MICHIGAN AVE","HOMICIDE","FIRST DEGREE MURDER",1178227,1865157,2009,41.7853021030097,-87.6220792234466,"(41.785302103009684, -87.62207922344656)"
"1435497",19102,"09/27/2009 04:42:00 PM","052XX S CARPENTER ST","HOMICIDE","FIRST DEGREE MURDER",1170157,1870258,2009,41.7994792015558,-87.6515190452732,"(41.79947920155582, -87.65151904527316)"
"1436140",19105,"09/27/2009 12:28:00 AM","039XX W 25TH ST","HOMICIDE","FIRST DEGREE MURDER",1150541,1887144,2009,41.8462211476983,-87.7230167143265,"(41.84622114769827, -87.72301671432649)"
"1436382",19103,"09/26/2009 08:36:00 PM","038XX S ST LOUIS AVE","HOMICIDE","FIRST DEGREE MURDER",1153694,1879143,2009,41.8242033292304,-87.7116578245281,"(41.824203329230436, -87.71165782452815)"
"1436596",19101,"09/26/2009 04:28:00 PM","043XX S FRANCISCO AVE","HOMICIDE","FIRST DEGREE MURDER",1157799,1875536,2009,41.814222773789,-87.6966958635791,"(41.81422277378899, -87.69669586357911)"
"1437008",19100,"09/26/2009 06:05:00 AM","040XX W ARTHINGTON ST","HOMICIDE","FIRST DEGREE MURDER",1149530,1895765,2009,41.8698978813839,-87.7265034455695,"(41.869897881383906, -87.72650344556952)"
"1437380",19097,"09/25/2009 10:10:00 PM","007XX N 703","HOMICIDE","FIRST DEGREE MURDER",1144268,1904261,2009,41.8933123810606,-87.7456084125181,"(41.89331238106059, -87.74560841251814)"
"1437413",19098,"09/25/2009 09:49:00 PM","037XX W POLK ST","HOMICIDE","FIRST DEGREE MURDER",1151694,1896158,2009,41.8709340635534,-87.7185483673508,"(41.870934063553435, -87.71854836735078)"
"1437414",19099,"09/25/2009 09:49:00 PM","037XX W POLK ST","HOMICIDE","FIRST DEGREE MURDER",1151694,1896158,2009,41.8709340635534,-87.7185483673508,"(41.870934063553435, -87.71854836735078)"
"1438696",19096,"09/24/2009 08:50:00 PM","024XX S CALIFORNIA AVE","HOMICIDE","FIRST DEGREE MURDER",1158123,1887658,2009,41.84748039093,-87.6951770796715,"(41.847480390929995, -87.69517707967154)"
"1438868",19095,"09/24/2009 06:17:00 PM","003XX W 342","HOMICIDE","FIRST DEGREE MURDER",1175811,1831351,2009,41.6925886418756,-87.6319474836444,"(41.692588641875574, -87.6319474836444)"
"1439694",19108,"09/24/2009 12:00:00 AM","037XX W 79TH ST","HOMICIDE","FIRST DEGREE MURDER",1152258,1851999,2009,41.7497444726805,-87.7176392018184,"(41.74974447268049, -87.71763920181841)"
"1440583",19094,"09/23/2009 09:51:00 AM","030XX E 79TH ST","HOMICIDE","FIRST DEGREE MURDER",1197904,1853132,2009,41.7518354389595,-87.550337267284,"(41.751835438959525, -87.55033726728395)"
"1441060",19092,"09/22/2009 09:10:00 PM","022XX S KILDARE AVE","HOMICIDE","FIRST DEGREE MURDER",1148253,1888759,2009,41.8506972287311,-87.7313720722447,"(41.85069722873106, -87.73137207224468)"
"1441062",19091,"09/22/2009 09:10:00 PM","022XX S KILDARE AVE","HOMICIDE","FIRST DEGREE MURDER",1148253,1888759,2009,41.8506972287311,-87.7313720722447,"(41.85069722873106, -87.73137207224468)"
"1443045",19090,"09/21/2009 01:00:00 AM","035XX W SUNNYSIDE AVE","HOMICIDE","FIRST DEGREE MURDER",1151651,1929629,2009,41.9627823369082,-87.7178243015489,"(41.962782336908205, -87.71782430154893)"
"1443046",19089,"09/21/2009 01:00:00 AM","035XX W SUNNYSIDE AVE","HOMICIDE","FIRST DEGREE MURDER",1151651,1929629,2009,41.9627823369082,-87.7178243015489,"(41.962782336908205, -87.71782430154893)"
"1444374",19088,"09/19/2009 08:55:00 PM","049XX S KILDARE AVE","HOMICIDE","FIRST DEGREE MURDER",1148492,1871408,2009,41.8030790678048,-87.7309414055363,"(41.80307906780484, -87.7309414055363)"
"1444415",19087,"09/19/2009 08:00:00 PM","081XX S GREEN ST","HOMICIDE","FIRST DEGREE MURDER",1172089,1851039,2009,41.7466977166515,-87.6449980303321,"(41.74669771665149, -87.64499803033215)"
"1444502",19086,"09/19/2009 06:53:00 PM","011XX W BERWYN AVE","HOMICIDE","FIRST DEGREE MURDER",1167684,1935315,2009,41.9780537360744,-87.6587124602613,"(41.97805373607437, -87.65871246026127)"
"1445839",19085,"09/18/2009 03:50:00 PM","047XX S FORRESTVILLE AVE","HOMICIDE","FIRST DEGREE MURDER",1180680,1873907,2009,41.8092568402588,-87.6128166058621,"(41.80925684025884, -87.61281660586212)"
"1446117",19084,"09/18/2009 11:45:00 AM","105XX S TORRENCE AVE","HOMICIDE","FIRST DEGREE MURDER",1195484,1835824,2009,41.7044008589755,-87.5597752518176,"(41.704400858975546, -87.55977525181763)"
"1446358",19205,"09/18/2009 05:45:00 AM","009XX S 901","HOMICIDE","FIRST DEGREE MURDER",1136557,1895816,2009,41.8702796188153,-87.7741306556818,"(41.870279618815275, -87.7741306556818)"
"1448991",19082,"09/15/2009 08:24:00 PM","051XX W WASHINGTON BLVD","HOMICIDE","FIRST DEGREE MURDER",1141761,1899959,2009,41.8815539216215,-87.7549223336658,"(41.88155392162152, -87.7549223336658)"
"1450981",19079,"09/14/2009 12:40:00 AM","117XX S NORMAL AVE","HOMICIDE","FIRST DEGREE MURDER",1175118,1827012,2009,41.680697214318,-87.6346135131491,"(41.680697214317995, -87.6346135131491)"
"1451142",19078,"09/13/2009 09:34:00 PM","110XX S EDBROOKE AVE","HOMICIDE","FIRST DEGREE MURDER",1179247,1831781,2009,41.6936911583845,-87.6193547173629,"(41.693691158384524, -87.61935471736285)"
"1452046",19077,"09/13/2009 12:01:00 AM","025XX N ASHLAND AVE","HOMICIDE","FIRST DEGREE MURDER",1165194,1917033,2009,41.9279405415103,-87.6683910501421,"(41.92794054151029, -87.6683910501421)"
"1453135",19076,"09/12/2009 12:48:00 AM","039XX W 30TH ST","HOMICIDE","FIRST DEGREE MURDER",1150399,1884455,2009,41.8388449551987,-87.7236079092077,"(41.838844955198745, -87.72360790920766)"
"1453248",19074,"09/11/2009 11:10:00 PM","003XX S 338","HOMICIDE","FIRST DEGREE MURDER",1157737,1898130,2009,41.8762245176618,-87.6963085446424,"(41.876224517661754, -87.69630854464245)"
"1453645",19073,"09/11/2009 05:45:00 PM","007XX W 725","HOMICIDE","FIRST DEGREE MURDER",1171563,1891093,2009,41.8566216594404,-87.6457513672355,"(41.856621659440435, -87.64575136723552)"
"1454589",19071,"09/10/2009 10:03:00 PM","079XX S PAULINA ST","HOMICIDE","FIRST DEGREE MURDER",1166360,1851717,2009,41.748682090453,-87.6659712665782,"(41.74868209045298, -87.66597126657815)"
"1455189",19070,"09/10/2009 01:11:00 PM","089XX S MAY ST","HOMICIDE","FIRST DEGREE MURDER",1170261,1845491,2009,41.7315131671558,-87.651857251383,"(41.73151316715581, -87.65185725138296)"
"1455945",19069,"09/09/2009 07:31:00 PM","066XX S SEELEY AVE","HOMICIDE","FIRST DEGREE MURDER",1163794,1860774,2009,41.7735900094663,-87.6751201080998,"(41.77359000946627, -87.67512010809976)"
"1456388",19122,"09/09/2009 12:00:00 PM","058XX S PRAIRIE AVE","HOMICIDE","FIRST DEGREE MURDER",1179005,1866020,2009,41.7876525630172,-87.6192004686805,"(41.78765256301719, -87.6192004686805)"
"1457771",19067,"09/08/2009 04:10:00 AM","002XX E 214","HOMICIDE","FIRST DEGREE MURDER",1179015,1858032,2009,41.7657324494369,-87.6194069524474,"(41.76573244943688, -87.61940695244736)"
"1458811",19066,"09/07/2009 02:02:00 AM","028XX S CHRISTIANA AVE","HOMICIDE","FIRST DEGREE MURDER",1154460,1884676,2009,41.8393713323301,-87.7086999977667,"(41.839371332330074, -87.70869999776667)"
"1459269",19064,"09/06/2009 06:41:00 PM","073XX S STONY ISLAND AVE","HOMICIDE","FIRST DEGREE MURDER",1188047,1856492,2009,41.7612960684988,-87.5863511176253,"(41.76129606849876, -87.58635111762534)"
"1459913",19065,"09/06/2009 01:45:00 AM","028XX E 95TH ST","HOMICIDE","FIRST DEGREE MURDER",1196885,1842474,2009,41.7226144202223,-87.5544248302464,"(41.72261442022232, -87.55442483024639)"
"1460669",19063,"09/05/2009 11:40:00 AM","066XX S COTTAGE GROVE AVE","HOMICIDE","FIRST DEGREE MURDER",1182670,1860827,2009,41.7733181726137,-87.6059236513923,"(41.77331817261372, -87.60592365139232)"
"1461963",19061,"09/04/2009 09:40:00 AM","076XX S HERMITAGE AVE","HOMICIDE","FIRST DEGREE MURDER",1166054,1853755,2009,41.7542811583587,-87.6670347305449,"(41.75428115835868, -87.66703473054494)"
"1465638",19060,"09/01/2009 12:42:00 AM","006XX N 612","HOMICIDE","FIRST DEGREE MURDER",1151235,1903916,2009,41.8922318591985,-87.7200299866701,"(41.89223185919852, -87.72002998667008)"
"1465824",19059,"08/31/2009 10:29:00 PM","078XX S CREGIER AVE","HOMICIDE","FIRST DEGREE MURDER",1189526,1853254,2009,41.7523753412519,-87.5810343279373,"(41.7523753412519, -87.58103432793727)"
"1467132",19058,"08/30/2009 05:21:00 PM","021XX E 71ST ST","HOMICIDE","FIRST DEGREE MURDER",1191497,1858233,2009,41.76599060644,-87.5736504553649,"(41.76599060643999, -87.5736504553649)"
"1467180",19057,"08/30/2009 04:29:00 PM","021XX E 71ST ST","HOMICIDE","FIRST DEGREE MURDER",1191497,1858233,2009,41.76599060644,-87.5736504553649,"(41.76599060643999, -87.5736504553649)"
"1467525",19056,"08/30/2009 07:38:00 AM","026XX S KILDARE AVE","HOMICIDE","FIRST DEGREE MURDER",1148187,1886103,2009,41.8434100886413,-87.7316826011446,"(41.843410088641335, -87.7316826011446)"
"1470527",19055,"08/27/2009 03:36:00 PM","074XX S EAST END AVE","HOMICIDE","FIRST DEGREE MURDER",1188790,1855823,2009,41.7594425366174,-87.583649373731,"(41.75944253661744, -87.58364937373102)"
"1471201",19052,"08/26/2009 10:08:00 PM","072XX S CARPENTER ST","HOMICIDE","FIRST DEGREE MURDER",1170603,1856880,2009,41.762758674784,-87.6502731689541,"(41.762758674783974, -87.65027316895414)"
"1471862",19051,"08/26/2009 11:12:00 AM","087XX S SAGINAW AVE","HOMICIDE","FIRST DEGREE MURDER",1195434,1847537,2009,41.7365436375546,-87.5595728479452,"(41.73654363755458, -87.55957284794519)"
"1472223",19050,"08/26/2009 12:33:00 AM","026XX E 87TH ST","HOMICIDE","FIRST DEGREE MURDER",1195073,1847835,2009,41.7373702734481,-87.5608856067629,"(41.737370273448114, -87.56088560676291)"
"1472765",19054,"08/25/2009 03:57:00 PM","064XX S SANGAMON ST","HOMICIDE","FIRST DEGREE MURDER",1171037,1862325,2009,41.7776909517473,-87.6485235890661,"(41.77769095174732, -87.64852358906614)"
"1474380",19036,"08/24/2009 04:16:00 AM","033XX W MONROE ST","HOMICIDE","FIRST DEGREE MURDER",1153944,1899372,2009,41.8797091011727,-87.7102021023825,"(41.87970910117273, -87.71020210238247)"
"1475369",19033,"08/23/2009 03:46:00 AM","075XX S GREEN ST","HOMICIDE","FIRST DEGREE MURDER",1171989,1854616,2009,41.7565156612818,-87.6452596337799,"(41.7565156612818, -87.64525963377992)"
"1475533",19034,"08/23/2009 12:35:00 AM","011XX N HARDING AVE","HOMICIDE","FIRST DEGREE MURDER",1149802,1907390,2009,41.9017928591265,-87.7252023937229,"(41.90179285912645, -87.72520239372285)"
"1476883",19032,"08/21/2009 07:15:00 PM","049XX S WOLCOTT AVE","HOMICIDE","FIRST DEGREE MURDER",1164480,1871907,2009,41.8041259363561,-87.6722915890475,"(41.804125936356115, -87.67229158904753)"
"1479292",19030,"08/19/2009 07:03:00 PM","019XX N KEDVALE AVE","HOMICIDE","FIRST DEGREE MURDER",1148360,1912879,2009,41.9168831498835,-87.7303573508421,"(41.91688314988349, -87.73035735084213)"
"1479365",19029,"08/19/2009 05:45:00 PM","043XX S PRAIRIE AVE","HOMICIDE","FIRST DEGREE MURDER",1178722,1876331,2009,41.8159533237103,-87.6199243168658,"(41.815953323710296, -87.61992431686576)"
"1480087",19026,"08/19/2009 01:41:00 AM","017XX W CERMAK RD","HOMICIDE","FIRST DEGREE MURDER",1164741,1889406,2009,41.8521395534774,-87.6708394542717,"(41.852139553477386, -87.67083945427173)"
"1481393",19025,"08/18/2009 01:00:00 AM","052XX W FERDINAND ST","HOMICIDE","FIRST DEGREE MURDER",1141349,1902605,2009,41.8888224834882,-87.7563698789431,"(41.88882248348818, -87.7563698789431)"
"1481830",19024,"08/17/2009 06:45:00 PM","098XX S EWING AVE","HOMICIDE","FIRST DEGREE MURDER",1202088,1840677,2009,41.7175525523058,-87.5354283561088,"(41.717552552305825, -87.53542835610877)"
"1482030",19028,"08/17/2009 03:30:00 PM","003XX E 325","HOMICIDE","FIRST DEGREE MURDER",1180989,1817662,2009,41.6549067420785,-87.6134087788488,"(41.65490674207849, -87.61340877884878)"
"1483326",19023,"08/16/2009 10:00:00 AM","044XX S LECLAIRE AVE","HOMICIDE","FIRST DEGREE MURDER",1143059,1874825,2009,41.812558617243,-87.7507821166916,"(41.81255861724296, -87.75078211669157)"
"1484036",19022,"08/15/2009 07:06:00 PM","055XX S MICHIGAN AVE","HOMICIDE","FIRST DEGREE MURDER",1178057,1868406,2009,41.7942215333908,-87.6226040389732,"(41.79422153339078, -87.62260403897321)"
"1484826",19031,"08/15/2009 01:46:00 AM","107XX S LAFAYETTE AVE","HOMICIDE","FIRST DEGREE MURDER",1177867,1833818,2009,41.6993122571109,-87.6243458031035,"(41.69931225711089, -87.62434580310352)"
"1485453",19020,"08/14/2009 04:53:00 PM","095XX S WALLACE ST","HOMICIDE","FIRST DEGREE MURDER",1173948,1841393,2009,41.7201867911794,-87.6384715666105,"(41.72018679117938, -87.63847156661049)"
"1487224",19015,"08/13/2009 05:35:00 AM","071XX S RIDGELAND AVE","HOMICIDE","FIRST DEGREE MURDER",1189058,1858189,2009,41.7659286310909,-87.5825914969622,"(41.76592863109087, -87.58259149696217)"
"1487242",19012,"08/13/2009 04:20:00 AM","018XX E 71ST ST","HOMICIDE","FIRST DEGREE MURDER",1189783,1858335,2009,41.7663118720044,-87.5799294790791,"(41.76631187200435, -87.57992947907911)"
"1488529",19011,"08/12/2009 03:00:00 AM","012XX W 61ST ST","HOMICIDE","FIRST DEGREE MURDER",1168881,1864363,2009,41.7833303139939,-87.6563686920758,"(41.783330313993915, -87.65636869207576)"
"1488555",19010,"08/12/2009 02:05:00 AM","032XX W PIERCE AVE","HOMICIDE","FIRST DEGREE MURDER",1154141,1910068,2009,41.9090560237258,-87.7091930449505,"(41.90905602372581, -87.70919304495052)"
"1488728",19009,"08/11/2009 10:42:00 PM","069XX S HERMITAGE AVE","HOMICIDE","FIRST DEGREE MURDER",1165847,1858339,2009,41.7668646817295,-87.6676633269006,"(41.7668646817295, -87.66766332690058)"
"1490114",19007,"08/10/2009 08:27:00 PM","107XX S CALHOUN AVE","HOMICIDE","FIRST DEGREE MURDER",1194850,1834497,2009,41.7007750401498,-87.5621403278985,"(41.70077504014975, -87.56214032789848)"
"1491918",19006,"08/09/2009 05:00:00 AM","068XX S MARSHFIELD AVE","HOMICIDE","FIRST DEGREE MURDER",1166557,1859496,2009,41.7700245347752,-87.6650279378209,"(41.77002453477515, -87.66502793782085)"
"1492351",19003,"08/08/2009 10:17:00 PM","069XX S CORNELL AVE","HOMICIDE","FIRST DEGREE MURDER",1188592,1859206,2009,41.7687305138768,-87.5842670567963,"(41.76873051387684, -87.58426705679634)"
"1492501",19002,"08/08/2009 08:15:00 PM","100XX S EBERHART AVE","HOMICIDE","FIRST DEGREE MURDER",1181315,1838207,2009,41.7112776674928,-87.6115861703087,"(41.71127766749277, -87.61158617030873)"
"1492504",19001,"08/08/2009 08:15:00 PM","100XX S EBERHART AVE","HOMICIDE","FIRST DEGREE MURDER",1181315,1838207,2009,41.7112776674928,-87.6115861703087,"(41.71127766749277, -87.61158617030873)"
"1493466",19000,"08/07/2009 11:02:00 PM","071XX S ARTESIAN AVE","HOMICIDE","FIRST DEGREE MURDER",1161311,1857424,2009,41.764448919757,-87.6843149542751,"(41.76444891975701, -87.6843149542751)"
"1494444",18996,"08/07/2009 01:25:00 AM","008XX W 808","HOMICIDE","FIRST DEGREE MURDER",1172168,1854504,2009,41.7562043885972,-87.644606920626,"(41.756204388597176, -87.64460692062605)"
"1495236",18999,"08/06/2009 12:50:00 PM","049XX W ADAMS ST","HOMICIDE","FIRST DEGREE MURDER",1143572,1898919,2009,41.8786663480456,-87.7482983546712,"(41.87866634804564, -87.74829835467123)"
"1495771",18995,"08/05/2009 10:40:00 PM","031XX W 36TH ST","HOMICIDE","FIRST DEGREE MURDER",1156038,1880542,2009,41.8279954965023,-87.7030207329123,"(41.827995496502275, -87.70302073291232)"
"1496557",18998,"08/05/2009 10:00:00 AM","034XX N RUTHERFORD AVE","HOMICIDE","FIRST DEGREE MURDER",1130760,1922179,2009,41.9427248243117,-87.7948060632401,"(41.94272482431168, -87.79480606324012)"
"1496746",18994,"08/05/2009 03:05:00 AM","006XX W 637","HOMICIDE","FIRST DEGREE MURDER",1174114,1823273,2009,41.6704590790819,-87.6383990268295,"(41.67045907908193, -87.63839902682955)"
"1496750",19021,"08/05/2009 03:00:00 AM","016XX S DRAKE AVE","HOMICIDE","FIRST DEGREE MURDER",1152930,1891712,2009,41.8587093577234,-87.7141282753474,"(41.85870935772338, -87.71412827534742)"
"1497244",18992,"08/04/2009 06:38:00 PM","007XX N 739","HOMICIDE","FIRST DEGREE MURDER",1151289,1904842,2009,41.8947718380886,-87.7198073483583,"(41.894771838088566, -87.71980734835829)"
"1498457",18993,"08/03/2009 03:30:00 PM","035XX W AUGUSTA BLVD","HOMICIDE","FIRST DEGREE MURDER",1152383,1906471,2009,41.8992204366182,-87.7157462978774,"(41.89922043661824, -87.71574629787743)"
"1498757",18991,"08/03/2009 10:10:00 AM","097XX S AVENUE J","HOMICIDE","FIRST DEGREE MURDER",1202494,1840898,2009,41.7181486582254,-87.5339338682071,"(41.718148658225395, -87.53393386820713)"
"1498965",18989,"08/03/2009 02:00:00 AM","057XX S ARTESIAN AVE","HOMICIDE","FIRST DEGREE MURDER",1160972,1866736,2009,41.7900093575595,-87.6853002841795,"(41.790009357559484, -87.68530028417949)"
"1499952",18988,"08/02/2009 04:13:00 AM","014XX N CALIFORNIA AVE","HOMICIDE","FIRST DEGREE MURDER",1157501,1909732,2009,41.9080662585792,-87.6968590681869,"(41.90806625857918, -87.6968590681869)"
"1499955",18987,"08/02/2009 04:10:00 AM","015XX N WESTERN AVE","HOMICIDE","FIRST DEGREE MURDER",1160092,1910064,2009,41.9089241413003,-87.6873318752679,"(41.9089241413003, -87.6873318752679)"
"1500006",18986,"08/02/2009 03:00:00 AM","009XX W 910","HOMICIDE","FIRST DEGREE MURDER",1171207,1864425,2009,41.7834498803039,-87.647838995674,"(41.783449880303934, -87.64783899567395)"
"1501206",18985,"08/01/2009 04:35:00 AM","067XX S WABASH AVE","HOMICIDE","FIRST DEGREE MURDER",1177932,1860119,2009,41.7714840014204,-87.62331333148,"(41.77148400142036, -87.62331333148005)"
"1501967",18984,"07/31/2009 05:15:00 PM","016XX W 79TH ST","HOMICIDE","FIRST DEGREE MURDER",1166579,1852359,2009,41.75043916527,-87.665150500394,"(41.75043916527001, -87.66515050039396)"
"1502197",18983,"07/31/2009 01:20:00 PM","006XX E 658","HOMICIDE","FIRST DEGREE MURDER",1182425,1844829,2009,41.7294236377826,-87.6073166136038,"(41.729423637782595, -87.6073166136038)"
"1503036",18982,"07/30/2009 06:07:00 PM","041XX W PALMER ST","HOMICIDE","FIRST DEGREE MURDER",1148612,1914264,2009,41.9206788552056,-87.7293956627687,"(41.92067885520563, -87.72939566276874)"
"1503653",18981,"07/30/2009 04:39:00 AM","009XX N 955","HOMICIDE","FIRST DEGREE MURDER",1172201,1907004,2009,41.9002684679673,-87.6429397924845,"(41.90026846796725, -87.64293979248453)"
"1504057",18980,"07/29/2009 08:10:00 PM","045XX W CORNELIA AVE","HOMICIDE","FIRST DEGREE MURDER",1145562,1922848,2009,41.9442925492273,-87.7403839805846,"(41.94429254922726, -87.74038398058455)"
"1505611",18977,"07/28/2009 02:10:00 PM","059XX S HOMAN AVE","HOMICIDE","FIRST DEGREE MURDER",1154790,1864805,2009,41.7848360432307,-87.7080196204006,"(41.784836043230705, -87.70801962040065)"
"1506078",18978,"07/28/2009 12:45:00 AM","082XX S MARYLAND AVE","HOMICIDE","FIRST DEGREE MURDER",1183385,1850302,2009,41.7444198862904,-87.6036299253764,"(41.74441988629036, -87.6036299253764)"
"1506530",18979,"07/27/2009 06:03:00 PM","106XX S AVENUE E","HOMICIDE","FIRST DEGREE MURDER",1203790,1834886,2009,41.7016181498087,-87.5293928193265,"(41.70161814980874, -87.52939281932655)"
"1507141",18976,"07/27/2009 03:30:00 AM","037XX W GRENSHAW ST","HOMICIDE","FIRST DEGREE MURDER",1151669,1894823,2009,41.8672711641846,-87.7186752468675,"(41.86727116418457, -87.7186752468675)"
"1507164",18975,"07/27/2009 02:40:00 AM","097XX S GENOA AVE","HOMICIDE","FIRST DEGREE MURDER",1170502,1839853,2009,41.7160364335849,-87.6511380533056,"(41.716036433584875, -87.65113805330556)"
"1508186",18974,"07/26/2009 05:01:00 AM","007XX N 735","HOMICIDE","FIRST DEGREE MURDER",1144258,1904589,2009,41.8942126386186,-87.7456368881174,"(41.89421263861862, -87.7456368881174)"
"1508328",18973,"07/26/2009 01:20:00 AM","079XX S PAULINA ST","HOMICIDE","FIRST DEGREE MURDER",1166351,1852065,2009,41.7496372434479,-87.6659943555489,"(41.749637243447886, -87.66599435554886)"
"1508739",18972,"07/25/2009 07:20:00 PM","014XX W 18TH ST","HOMICIDE","FIRST DEGREE MURDER",1167209,1891553,2009,41.8579785053273,-87.6617195979536,"(41.85797850532728, -87.6617195979536)"
"1509671",18970,"07/24/2009 10:00:00 PM","004XX N 430","HOMICIDE","FIRST DEGREE MURDER",1141580,1902587,2009,41.8887688240092,-87.7555219926227,"(41.88876882400925, -87.75552199262269)"
"1510714",18971,"07/24/2009 12:30:00 AM","046XX N CENTRAL PARK AVE","HOMICIDE","FIRST DEGREE MURDER",1151509,1930652,2009,41.9655923154007,-87.7183193887002,"(41.965592315400684, -87.71831938870024)"
"1511766",18967,"07/23/2009 04:24:00 AM","052XX S ARTESIAN AVE","HOMICIDE","FIRST DEGREE MURDER",1160886,1869837,2009,41.7985206869432,-87.6855299408099,"(41.79852068694324, -87.68552994080994)"
"1513609",18966,"07/21/2009 05:00:00 PM","035XX W LEXINGTON ST","HOMICIDE","FIRST DEGREE MURDER",1152584,1896425,2009,41.8716492028002,-87.7152737810884,"(41.871649202800214, -87.71527378108837)"
"1516051",18965,"07/19/2009 12:50:00 PM","114XX S STEWART AVE","HOMICIDE","FIRST DEGREE MURDER",1175639,1828888,2009,41.6858336378445,-87.6326505502878,"(41.68583363784448, -87.63265055028778)"
"1517425",18964,"07/18/2009 04:45:00 AM","014XX W 54TH ST","HOMICIDE","FIRST DEGREE MURDER",1167486,1868892,2009,41.79578845874,-87.6613534490611,"(41.79578845874, -87.66135344906112)"
"1518818",18963,"07/17/2009 12:30:00 AM","016XX N MASON AVE","HOMICIDE","FIRST DEGREE MURDER",1136462,1910237,2009,41.9098544176787,-87.7741343995649,"(41.90985441767865, -87.77413439956494)"
"1519419",18962,"07/16/2009 03:14:00 PM","011XX N WOOD ST","HOMICIDE","FIRST DEGREE MURDER",1164232,1907478,2009,41.9017414078856,-87.6721966887191,"(41.901741407885616, -87.67219668871907)"
"1519849",18961,"07/16/2009 06:58:00 AM","041XX W 21ST ST","HOMICIDE","FIRST DEGREE MURDER",1149305,1889733,2009,41.8533497057671,-87.7274857677008,"(41.85334970576708, -87.72748576770076)"
"1519891",18960,"07/16/2009 04:45:00 AM","014XX N ROCKWELL ST","HOMICIDE","FIRST DEGREE MURDER",1158849,1909556,2009,41.9075557464367,-87.6919120375943,"(41.907555746436664, -87.69191203759429)"
"1519892",18959,"07/16/2009 04:38:00 AM","002XX W 249","HOMICIDE","FIRST DEGREE MURDER",1175453,1865791,2009,41.7871043845134,-87.6322309356867,"(41.78710438451341, -87.63223093568669)"
"1520027",5124,"07/16/2009 12:03:00 AM","064XX S EGGLESTON AVE","HOMICIDE","FIRST DEGREE MURDER",1174345,1862221,2009,41.7773326357591,-87.6363995476025,"(41.77733263575912, -87.63639954760254)"
"1520169",5123,"07/15/2009 10:07:00 PM","029XX W PALMER ST","HOMICIDE","FIRST DEGREE MURDER",1156142,1914634,2009,41.9215453119261,-87.7017187336411,"(41.92154531192614, -87.70171873364114)"
"1522213",5121,"07/14/2009 04:00:00 AM","006XX W 654","HOMICIDE","FIRST DEGREE MURDER",1173238,1845938,2009,41.7326745978551,-87.6409382034047,"(41.7326745978551, -87.64093820340474)"
"1522217",5122,"07/14/2009 03:56:00 AM","017XX S UNION AVE","HOMICIDE","FIRST DEGREE MURDER",1171783,1891450,2009,41.8575964581792,-87.6449333491561,"(41.857596458179245, -87.64493334915613)"
"1522321",5120,"07/14/2009 12:30:00 AM","006XX E 644","HOMICIDE","FIRST DEGREE MURDER",1182246,1847484,2009,41.7367134067752,-87.6078903559405,"(41.73671340677523, -87.60789035594048)"
"1523052",5119,"07/13/2009 12:13:00 PM","059XX S HONORE ST","HOMICIDE","FIRST DEGREE MURDER",1165005,1864919,2009,41.784938909796,-87.6705637233829,"(41.78493890979598, -87.67056372338286)"
"1523390",5117,"07/13/2009 01:25:00 AM","007XX N 717","HOMICIDE","FIRST DEGREE MURDER",1167500,1905011,2009,41.8949020552856,-87.6602640684687,"(41.894902055285634, -87.66026406846873)"
"1523631",5116,"07/12/2009 09:36:00 PM","022XX E 100TH ST","HOMICIDE","FIRST DEGREE MURDER",1192995,1839146,2009,41.7135777602538,-87.5687814029369,"(41.71357776025376, -87.5687814029369)"
"1524363",5118,"07/12/2009 04:15:00 AM","024XX S SAWYER AVE","HOMICIDE","FIRST DEGREE MURDER",1155039,1887671,2009,41.8475783939864,-87.7064951030399,"(41.84757839398635, -87.70649510303987)"
"1525466",5115,"07/11/2009 06:37:00 AM","028XX W 55TH ST","HOMICIDE","FIRST DEGREE MURDER",1158626,1868099,2009,41.7937978187615,-87.6938652851877,"(41.79379781876154, -87.69386528518768)"
"1526890",5113,"07/10/2009 01:20:00 AM","073XX S DANTE AVE","HOMICIDE","FIRST DEGREE MURDER",1187098,1856721,2009,41.7619470263236,-87.589821973676,"(41.76194702632356, -87.58982197367601)"
"1527493",5112,"07/09/2009 03:54:00 PM","049XX W ERIE ST","HOMICIDE","FIRST DEGREE MURDER",1143026,1903817,2009,41.8921172477959,-87.7501809677932,"(41.89211724779586, -87.75018096779318)"
"1528003",5111,"07/09/2009 03:08:00 AM","044XX S LECLAIRE AVE","HOMICIDE","FIRST DEGREE MURDER",1143150,1874438,2009,41.8114949355232,-87.7504579506164,"(41.81149493552317, -87.75045795061644)"
"1528015",5110,"07/09/2009 02:31:00 AM","013XX W HASTINGS ST","HOMICIDE","FIRST DEGREE MURDER",1167725,1893892,2009,41.8643858284493,-87.6597582110305,"(41.86438582844931, -87.65975821103052)"
"1528944",5108,"07/08/2009 09:33:00 AM","045XX S CICERO AVE","HOMICIDE","FIRST DEGREE MURDER",1145075,1874336,2009,41.8111789865973,-87.7433996120476,"(41.81117898659727, -87.74339961204761)"
"1530240",5107,"07/07/2009 05:37:00 AM","006XX N 617","HOMICIDE","FIRST DEGREE MURDER",1141954,1903714,2009,41.8918545287638,-87.7541205672169,"(41.89185452876379, -87.75412056721694)"
"1530513",5106,"07/06/2009 10:04:00 PM","034XX W JACKSON BLVD","HOMICIDE","FIRST DEGREE MURDER",1153131,1898508,2009,41.8773543532069,-87.7132102628514,"(41.87735435320692, -87.71321026285142)"
"1530632",5105,"07/06/2009 08:01:00 PM","033XX W CONGRESS PKWY","HOMICIDE","FIRST DEGREE MURDER",1154080,1897541,2009,41.8746819353929,-87.7097515741799,"(41.87468193539293, -87.7097515741799)"
"1531073",5109,"07/06/2009 12:00:00 PM","077XX S PHILLIPS AVE","HOMICIDE","FIRST DEGREE MURDER",1193913,1854107,2009,41.7546096532243,-87.5649302359153,"(41.75460965322432, -87.56493023591534)"
"1531343",5104,"07/06/2009 05:21:00 AM","028XX W 62ND ST","HOMICIDE","FIRST DEGREE MURDER",1158561,1863368,2009,41.7808166226862,-87.6942325923432,"(41.7808166226862, -87.69423259234318)"
"1531461",5102,"07/06/2009 12:45:00 AM","012XX W 72ND PL","HOMICIDE","FIRST DEGREE MURDER",1168777,1856652,2009,41.7621726074971,-87.6569723267059,"(41.76217260749708, -87.65697232670591)"
"1531482",5101,"07/06/2009 12:16:00 AM","004XX W 440","HOMICIDE","FIRST DEGREE MURDER",1175268,1828024,2009,41.6834709606306,-87.6340343724342,"(41.68347096063055, -87.63403437243419)"
"1531584",5100,"07/05/2009 10:35:00 PM","005XX E 504","HOMICIDE","FIRST DEGREE MURDER",1181254,1844460,2009,41.7284380811347,-87.6116175924469,"(41.72843808113468, -87.61161759244686)"
"1532150",5099,"07/05/2009 11:43:00 AM","047XX S PAULINA ST","HOMICIDE","FIRST DEGREE MURDER",1165773,1873115,2009,41.8074134416511,-87.6675151520083,"(41.80741344165107, -87.66751515200835)"
"1532196",5103,"07/05/2009 10:38:00 AM","047XX S FORRESTVILLE AVE","HOMICIDE","FIRST DEGREE MURDER",1180681,1873899,2009,41.8092348645938,-87.6128131840857,"(41.80923486459384, -87.61281318408572)"
"1532360",5097,"07/05/2009 03:00:00 AM","012XX E 63RD ST","HOMICIDE","FIRST DEGREE MURDER",1185319,1863515,2009,41.7806323868491,-87.5961286906505,"(41.78063238684909, -87.59612869065052)"
"1532362",5098,"07/05/2009 03:00:00 AM","012XX E 63RD ST","HOMICIDE","FIRST DEGREE MURDER",1185319,1863515,2009,41.7806323868491,-87.5961286906505,"(41.78063238684909, -87.59612869065052)"
"1532439",5096,"07/05/2009 01:00:00 AM","058XX S UNION AVE","HOMICIDE","FIRST DEGREE MURDER",1172585,1866401,2009,41.7888419865041,-87.6427285992995,"(41.7888419865041, -87.64272859929949)"
"1532542",5095,"07/04/2009 11:58:00 PM","043XX S CHAMPLAIN AVE","HOMICIDE","FIRST DEGREE MURDER",1181367,1876097,2009,41.8152505413512,-87.6102292542525,"(41.81525054135124, -87.61022925425249)"
"1533941",5094,"07/03/2009 06:00:00 PM","050XX S TALMAN AVE","HOMICIDE","FIRST DEGREE MURDER",1159603,1870927,2009,41.8015382259396,-87.6902050826637,"(41.80153822593955, -87.69020508266367)"
"1534041",5093,"07/03/2009 04:40:00 PM","014XX W 72ND PL","HOMICIDE","FIRST DEGREE MURDER",1168228,1856717,2009,41.7623628039604,-87.6589826164882,"(41.762362803960436, -87.65898261648819)"
"1534739",5092,"07/02/2009 11:25:00 PM","023XX E 79TH ST","HOMICIDE","FIRST DEGREE MURDER",1193528,1853012,2009,41.7516143125672,-87.5663768891769,"(41.75161431256716, -87.56637688917688)"
"1535797",5091,"07/02/2009 12:30:00 AM","064XX W TOUHY AVE","HOMICIDE","FIRST DEGREE MURDER",1132524,1947397,2009,42.0118948101196,-87.7877320438029,"(42.011894810119614, -87.78773204380289)"
"1537668",5088,"06/30/2009 04:00:00 PM","094XX S ADA ST","HOMICIDE","FIRST DEGREE MURDER",1168940,1842386,2009,41.7230211887936,-87.6567859860286,"(41.7230211887936, -87.65678598602857)"
"1538160",5089,"06/30/2009 07:07:00 AM","019XX N CALIFORNIA AVE","HOMICIDE","FIRST DEGREE MURDER",1157361,1912535,2009,41.9157607675371,-87.6972970004339,"(41.91576076753709, -87.69729700043392)"
"1540857",5084,"06/27/2009 08:50:00 PM","059XX S WHIPPLE ST","HOMICIDE","FIRST DEGREE MURDER",1157025,1865076,2009,41.7855348101748,-87.6998177743525,"(41.78553481017482, -87.69981777435252)"
"1540922",5085,"06/27/2009 07:50:00 PM","041XX W MADISON ST","HOMICIDE","FIRST DEGREE MURDER",1149008,1899655,2009,41.8805825984802,-87.7283192113495,"(41.880582598480245, -87.7283192113495)"
"1541616",5087,"06/27/2009 07:06:00 AM","024XX W NORTH AVE","HOMICIDE","FIRST DEGREE MURDER",1159690,1910523,2009,41.9101919714435,-87.6887959664447,"(41.91019197144348, -87.6887959664447)"
"1541726",5083,"06/27/2009 03:34:00 AM","010XX W 60TH ST","HOMICIDE","FIRST DEGREE MURDER",1170298,1865065,2009,41.785225952827,-87.6511530795858,"(41.78522595282699, -87.65115307958582)"
"1541764",5082,"06/27/2009 02:50:00 AM","059XX S MAPLEWOOD AVE","HOMICIDE","FIRST DEGREE MURDER",1160354,1865028,2009,41.7853351345107,-87.6876133637454,"(41.78533513451074, -87.6876133637454)"
"1541814",5086,"06/27/2009 01:59:00 AM","061XX W DIVERSEY AVE","HOMICIDE","FIRST DEGREE MURDER",1135194,1917931,2009,41.9309902490191,-87.7786097527428,"(41.93099024901913, -87.77860975274275)"
"1542079",5081,"06/26/2009 09:40:00 PM","019XX S TRUMBULL AVE","HOMICIDE","FIRST DEGREE MURDER",1153685,1890410,2009,41.8551215450553,-87.7113915318156,"(41.85512154505532, -87.71139153181558)"
"1542979",5080,"06/26/2009 03:40:00 AM","051XX W HIRSCH ST","HOMICIDE","FIRST DEGREE MURDER",1142097,1908794,2009,41.9057919882278,-87.753469285401,"(41.90579198822778, -87.75346928540101)"
"1542982",5090,"06/26/2009 03:34:00 AM","003XX S 300","HOMICIDE","FIRST DEGREE MURDER",1157725,1898556,2009,41.8773937475748,-87.6963409962165,"(41.87739374757481, -87.69634099621646)"
"1544160",19189,"06/25/2009 12:47:00 AM","002XX W 208","HOMICIDE","FIRST DEGREE MURDER",1176804,1830382,2009,41.6899073165806,-87.6283409900857,"(41.689907316580616, -87.62834099008566)"
"1544585",5079,"06/24/2009 06:51:00 PM","074XX S STEWART AVE","HOMICIDE","FIRST DEGREE MURDER",1174877,1855447,2009,41.7587321525787,-87.6346509747495,"(41.75873215257869, -87.63465097474946)"
"1545799",5076,"06/23/2009 07:00:00 PM","061XX S PRINCETON AVE","HOMICIDE","FIRST DEGREE MURDER",1175302,1864156,2009,41.7826211488038,-87.6328334217177,"(41.7826211488038, -87.63283342171773)"
"1546246",5077,"06/23/2009 11:39:00 AM","016XX S KARLOV AVE","HOMICIDE","FIRST DEGREE MURDER",1149364,1891410,2009,41.8579504586998,-87.7272257661236,"(41.85795045869983, -87.72722576612364)"
"1546296",5078,"06/23/2009 10:58:00 AM","043XX S KEDZIE AVE","HOMICIDE","FIRST DEGREE MURDER",1155699,1875789,2009,41.8149594734585,-87.7043921438131,"(41.814959473458536, -87.70439214381311)"
"1547606",5075,"06/22/2009 07:13:00 AM","004XX S 402","HOMICIDE","FIRST DEGREE MURDER",1148420,1897648,2009,41.8750865147043,-87.7305300727709,"(41.8750865147043, -87.7305300727709)"
"1548007",5074,"06/21/2009 09:55:00 PM","076XX S INGLESIDE AVE","HOMICIDE","FIRST DEGREE MURDER",1183933,1854239,2009,41.7552106542188,-87.6014993122355,"(41.75521065421876, -87.60149931223555)"
"1548215",5072,"06/21/2009 06:08:00 PM","054XX W THOMAS ST","HOMICIDE","FIRST DEGREE MURDER",1139431,1906750,2009,41.900232045463,-87.7633124769609,"(41.90023204546303, -87.76331247696088)"
"1548602",5073,"06/21/2009 08:39:00 AM","092XX S HARPER AVE","HOMICIDE","FIRST DEGREE MURDER",1188095,1844232,2009,41.7276522934268,-87.5865651433035,"(41.727652293426786, -87.58656514330346)"
"1549190",5070,"06/20/2009 09:59:00 PM","015XX N WESTERN AVE","HOMICIDE","FIRST DEGREE MURDER",1160084,1910373,2009,41.9097722264338,-87.6873527147617,"(41.90977222643384, -87.68735271476169)"
"1550489",5069,"06/19/2009 06:42:00 PM","010XX W GARFIELD BLVD","HOMICIDE","FIRST DEGREE MURDER",1170566,1868392,2009,41.7943497798118,-87.650073531237,"(41.7943497798118, -87.65007353123697)"
"1550574",5071,"06/19/2009 05:00:00 PM","013XX S ALBANY AVE","HOMICIDE","FIRST DEGREE MURDER",1155889,1893433,2009,41.8633728961168,-87.7032203881747,"(41.86337289611676, -87.7032203881747)"
"1551246",5068,"06/19/2009 12:15:00 AM","061XX S CICERO AVE","HOMICIDE","FIRST DEGREE MURDER",1145466,1863455,2009,41.7813124112575,-87.7422398623886,"(41.78131241125754, -87.74223986238859)"
"1552368",5066,"06/18/2009 12:50:00 AM","050XX W FERDINAND ST","HOMICIDE","FIRST DEGREE MURDER",1142929,1902769,2009,41.8892432200913,-87.7505633521018,"(41.88924322009129, -87.75056335210182)"
"1552455",5065,"06/17/2009 11:19:00 PM","035XX W 80TH ST","HOMICIDE","FIRST DEGREE MURDER",1154411,1851288,2009,41.7477508223658,-87.709768493256,"(41.747750822365795, -87.709768493256)"
"1553056",5064,"06/17/2009 01:40:00 PM","016XX W 57TH ST","HOMICIDE","FIRST DEGREE MURDER",1166228,1866947,2009,41.7904780357944,-87.6660219631657,"(41.790478035794386, -87.66602196316566)"
"1553314",5063,"06/17/2009 08:40:00 AM","041XX W 82ND PL","HOMICIDE","FIRST DEGREE MURDER",1150244,1849433,2009,41.7427422305671,-87.7250859142129,"(41.742742230567146, -87.72508591421288)"
"1553812",5062,"06/16/2009 06:02:00 PM","047XX S ELLIS AVE","HOMICIDE","FIRST DEGREE MURDER",1183677,1873711,2009,41.8086495264941,-87.6018304109815,"(41.808649526494115, -87.60183041098152)"
"1553998",5067,"06/16/2009 02:35:00 PM","060XX N DAMEN AVE","HOMICIDE","FIRST DEGREE MURDER",1161857,1940221,2009,41.9916399075125,-87.6800036061252,"(41.991639907512514, -87.68000360612521)"
"1556579",5060,"06/14/2009 01:57:00 AM","051XX S MOZART ST","HOMICIDE","FIRST DEGREE MURDER",1158290,1870222,2009,41.7996304696338,-87.6950395785943,"(41.79963046963377, -87.69503957859429)"
"1557436",5061,"06/13/2009 09:12:00 AM","054XX S ELLIS AVE","HOMICIDE","FIRST DEGREE MURDER",1183903,1869782,2009,41.7978627621206,-87.6011242652429,"(41.79786276212059, -87.6011242652429)"
"1561616",5059,"06/09/2009 05:36:00 PM","013XX S KOLIN AVE","HOMICIDE","FIRST DEGREE MURDER",1147639,1893342,2009,41.8632853481962,-87.7335080883574,"(41.863285348196236, -87.73350808835738)"
"1562448",5058,"06/08/2009 10:26:00 PM","027XX W ST GEORGES CT","HOMICIDE","FIRST DEGREE MURDER",1157664,1914833,2009,41.9220604853076,-87.6961210665754,"(41.92206048530757, -87.69612106657542)"
"1562753",5057,"06/08/2009 06:03:00 PM","006XX W 654","HOMICIDE","FIRST DEGREE MURDER",1173794,1828256,2009,41.6841403108566,-87.6394233250721,"(41.68414031085656, -87.63942332507212)"
"1562808",5056,"06/08/2009 05:08:00 PM","075XX S PERRY AVE","HOMICIDE","FIRST DEGREE MURDER",1176742,1854878,2009,41.7571289819325,-87.6278330117696,"(41.75712898193252, -87.62783301176964)"
"1564028",5055,"06/07/2009 01:51:00 PM","010XX E 93RD ST","HOMICIDE","FIRST DEGREE MURDER",1184825,1843486,2009,41.7256824080163,-87.5985668693023,"(41.72568240801633, -87.5985668693023)"
"1565160",5054,"06/06/2009 10:44:00 AM","049XX S KOLIN AVE","HOMICIDE","FIRST DEGREE MURDER",1148244,1871190,2009,41.8024856087791,-87.7318565439152,"(41.80248560877907, -87.73185654391524)"
"1566268",5053,"06/05/2009 12:20:00 PM","049XX S WABASH AVE","HOMICIDE","FIRST DEGREE MURDER",1177513,1872170,2009,41.8045626279816,-87.6244850283622,"(41.80456262798161, -87.6244850283622)"
"1567709",5051,"06/04/2009 02:00:00 AM","006XX E 615","HOMICIDE","FIRST DEGREE MURDER",1181928,1847396,2009,41.7364792743471,-87.6090581083121,"(41.7364792743471, -87.60905810831213)"
"1567722",5052,"06/04/2009 01:52:00 AM","058XX W OHIO ST","HOMICIDE","FIRST DEGREE MURDER",1137305,1903425,2009,41.8911463241668,-87.7712014892748,"(41.89114632416679, -87.77120148927476)"
"1568864",5049,"06/03/2009 02:06:00 AM","077XX S NORMAL AVE","HOMICIDE","FIRST DEGREE MURDER",1174338,1853787,2009,41.7541889061215,-87.6366756315699,"(41.75418890612146, -87.6366756315699)"
"1568888",5050,"06/03/2009 01:09:00 AM","083XX S BRANDON AVE","HOMICIDE","FIRST DEGREE MURDER",1198977,1850013,2009,41.7432498210859,-87.5465098249754,"(41.743249821085946, -87.54650982497537)"
"1571173",5047,"06/01/2009 04:05:00 AM","037XX W 79TH ST","HOMICIDE","FIRST DEGREE MURDER",1152258,1851999,2009,41.7497444726805,-87.7176392018184,"(41.74974447268049, -87.71763920181841)"
"1571262",5048,"06/01/2009 12:12:00 AM","060XX S HERMITAGE AVE","HOMICIDE","FIRST DEGREE MURDER",1165755,1864604,2009,41.7840586129328,-87.6678228357127,"(41.78405861293282, -87.66782283571267)"
"1571773",5045,"05/31/2009 04:00:00 PM","008XX E 823","HOMICIDE","FIRST DEGREE MURDER",1183226,1852101,2009,41.749360233275,-87.6041566540614,"(41.74936023327502, -87.60415665406137)"
"1572154",5043,"05/31/2009 05:55:00 AM","011XX N KILDARE AVE","HOMICIDE","FIRST DEGREE MURDER",1147545,1907164,2009,41.9012162963075,-87.7334985141898,"(41.901216296307474, -87.73349851418982)"
"1572155",5044,"05/31/2009 05:55:00 AM","011XX N KILDARE AVE","HOMICIDE","FIRST DEGREE MURDER",1147545,1907164,2009,41.9012162963075,-87.7334985141898,"(41.901216296307474, -87.73349851418982)"
"1572227",5046,"05/31/2009 03:04:00 AM","002XX N 205","HOMICIDE","FIRST DEGREE MURDER",1170094,1901712,2009,41.8857931468497,-87.6508334404123,"(41.88579314684965, -87.65083344041233)"
"1572279",5041,"05/31/2009 02:00:00 AM","105XX S INDIANA AVE","HOMICIDE","FIRST DEGREE MURDER",1179414,1834853,2009,41.7021173539489,-87.6186499667197,"(41.70211735394893, -87.61864996671972)"
"1572381",5042,"05/31/2009 12:18:00 AM","064XX S RICHMOND ST","HOMICIDE","FIRST DEGREE MURDER",1157858,1861943,2009,41.7769205255095,-87.6968486143525,"(41.776920525509524, -87.69684861435253)"
"1572418",5039,"05/30/2009 11:53:00 PM","009XX E 901","HOMICIDE","FIRST DEGREE MURDER",1184202,1836150,2009,41.7055661134406,-87.6010774678725,"(41.705566113440625, -87.60107746787251)"
"1573236",5040,"05/30/2009 06:15:00 AM","047XX N SHERIDAN RD","HOMICIDE","FIRST DEGREE MURDER",1168808,1932018,2009,41.9689823103879,-87.6546750221705,"(41.968982310387915, -87.65467502217051)"
"1573525",5038,"05/29/2009 11:39:00 PM","057XX S LAFLIN ST","HOMICIDE","FIRST DEGREE MURDER",1167287,1866303,2009,41.7886882003529,-87.6621573122823,"(41.78868820035293, -87.66215731228229)"
"1574637",5037,"05/29/2009 01:00:00 AM","042XX W GLADYS AVE","HOMICIDE","FIRST DEGREE MURDER",1147916,1898050,2009,41.876199347842,-87.7323702389526,"(41.87619934784197, -87.73237023895263)"
"1574677",5036,"05/29/2009 12:02:00 AM","083XX S COLFAX AVE","HOMICIDE","FIRST DEGREE MURDER",1194997,1849957,2009,41.7431950893207,-87.5610942800445,"(41.74319508932066, -87.5610942800445)"
"1579029",5035,"05/25/2009 04:08:00 AM","039XX W 47TH ST","HOMICIDE","FIRST DEGREE MURDER",1150898,1873137,2009,41.8077770833505,-87.7220722797793,"(41.807777083350516, -87.72207227977931)"
"1579605",5034,"05/24/2009 04:55:00 PM","068XX S INDIANA AVE","HOMICIDE","FIRST DEGREE MURDER",1178818,1859550,2009,41.7699024879408,-87.6200828780165,"(41.769902487940804, -87.62008287801649)"
"1580303",5033,"05/23/2009 11:27:00 PM","011XX S INDEPENDENCE BLVD","HOMICIDE","FIRST DEGREE MURDER",1151224,1894911,2009,41.8675213780537,-87.7203066117664,"(41.867521378053674, -87.72030661176642)"
"1580647",5032,"05/23/2009 05:35:00 PM","059XX S RACINE AVE","HOMICIDE","FIRST DEGREE MURDER",1169376,1865424,2009,41.7862311151526,-87.6545231463535,"(41.78623111515257, -87.65452314635351)"
"1582580",5031,"05/21/2009 11:15:00 PM","015XX N LEAMINGTON AVE","HOMICIDE","FIRST DEGREE MURDER",1141791,1909992,2009,41.9090851056307,-87.7545636533872,"(41.90908510563071, -87.75456365338722)"
"1582637",5030,"05/21/2009 10:22:00 PM","030XX W VAN BUREN ST","HOMICIDE","FIRST DEGREE MURDER",1156091,1897964,2009,41.875802361263,-87.7023565971571,"(41.87580236126302, -87.7023565971571)"
"1582638",5028,"05/21/2009 10:20:00 PM","065XX S EVANS AVE","HOMICIDE","FIRST DEGREE MURDER",1182297,1862043,2009,41.7766636418264,-87.6072533324832,"(41.776663641826424, -87.60725333248324)"
"1582640",5029,"05/21/2009 10:19:00 PM","030XX W VAN BUREN ST","HOMICIDE","FIRST DEGREE MURDER",1156091,1897964,2009,41.875802361263,-87.7023565971571,"(41.87580236126302, -87.7023565971571)"
"1583778",5027,"05/20/2009 11:00:00 PM","094XX S BURNSIDE AVE","HOMICIDE","FIRST DEGREE MURDER",1182615,1842608,2009,41.7233245511113,-87.6066892802056,"(41.72332455111126, -87.6066892802056)"
"1585990",5026,"05/19/2009 04:44:00 AM","012XX N CALIFORNIA AVE","HOMICIDE","FIRST DEGREE MURDER",1157539,1908257,2009,41.9040179613551,-87.6967596854326,"(41.904017961355066, -87.69675968543255)"
"1587192",5024,"05/18/2009 12:58:00 AM","089XX S HERMITAGE AVE","HOMICIDE","FIRST DEGREE MURDER",1166279,1845525,2009,41.7316920584354,-87.666443911382,"(41.73169205843537, -87.66644391138196)"
"1587401",5023,"05/17/2009 08:40:00 PM","038XX S WELLS ST","HOMICIDE","FIRST DEGREE MURDER",1175312,1879397,2009,41.8244437055737,-87.6323410345497,"(41.824443705573735, -87.63234103454967)"
"1587407",5020,"05/17/2009 08:30:00 PM","073XX S MERRILL AVE","HOMICIDE","FIRST DEGREE MURDER",1191792,1856395,2009,41.7609398338041,-87.5726287752381,"(41.76093983380411, -87.57262877523812)"
"1587790",5025,"05/17/2009 01:15:00 PM","071XX S BELL AVE","HOMICIDE","FIRST DEGREE MURDER",1162609,1856910,2009,41.7630114565889,-87.6795717418581,"(41.76301145658895, -87.6795717418581)"
"1588171",6920175,"05/17/2009 01:13:00 AM","047XX W VAN BUREN ST","HOMICIDE","INVOLUNTARY MANSLAUGHTER",1144838,1897565,2009,41.8749270321208,-87.7436839583287,"(41.8749270321208, -87.74368395832875)"
"1588218",5022,"05/17/2009 12:29:00 AM","051XX W NORTH AVE","HOMICIDE","FIRST DEGREE MURDER",1141735,1910108,2009,41.9094044592877,-87.7547665001245,"(41.909404459287714, -87.75476650012449)"
"1588391",5019,"05/16/2009 09:55:00 PM","083XX S BRANDON AVE","HOMICIDE","FIRST DEGREE MURDER",1198965,1850506,2009,41.7446029495844,-87.5465372763264,"(41.74460294958438, -87.54653727632636)"
"1589195",5021,"05/16/2009 04:42:00 AM","048XX W POLK ST","HOMICIDE","FIRST DEGREE MURDER",1144043,1895813,2009,41.8701342744654,-87.7466468699503,"(41.870134274465386, -87.74664686995027)"
"1589290",5018,"05/16/2009 02:03:00 AM","038XX W OGDEN AVE","HOMICIDE","FIRST DEGREE MURDER",1151215,1889540,2009,41.8527828963418,-87.7204804006235,"(41.852782896341786, -87.72048040062354)"
"1589749",5017,"05/15/2009 05:35:00 PM","006XX N 623","HOMICIDE","FIRST DEGREE MURDER",1138608,1903672,2009,41.8918005989914,-87.766410135451,"(41.891800598991374, -87.766410135451)"
"1590150",5016,"05/15/2009 10:31:00 AM","020XX W GARFIELD BLVD","HOMICIDE","FIRST DEGREE MURDER",1163868,1868220,2009,41.7940212494478,-87.6746397388253,"(41.7940212494478, -87.67463973882529)"
"1590685",5015,"05/14/2009 09:27:00 PM","047XX W NORTH AVE","HOMICIDE","FIRST DEGREE MURDER",1144107,1910165,2009,41.9095166382923,-87.7460512750222,"(41.909516638292324, -87.74605127502218)"
"1592622",5014,"05/13/2009 08:08:00 AM","055XX W CONGRESS PKWY","HOMICIDE","FIRST DEGREE MURDER",1139803,1897100,2009,41.8737444402662,-87.7621820051093,"(41.87374444026624, -87.76218200510928)"
"1592734",5013,"05/13/2009 03:00:00 AM","051XX S WOLCOTT AVE","HOMICIDE","FIRST DEGREE MURDER",1164515,1870519,2009,41.8003163589235,-87.6722023804738,"(41.80031635892351, -87.67220238047379)"
"1598149",5012,"05/08/2009 11:46:00 AM","082XX S BUFFALO AVE","HOMICIDE","FIRST DEGREE MURDER",1199621,1850640,2009,41.744954170273,-87.5441291632983,"(41.74495417027303, -87.54412916329832)"
"1600661",5010,"05/06/2009 09:07:00 AM","044XX W ADAMS ST","HOMICIDE","FIRST DEGREE MURDER",1146643,1898679,2009,41.8779497621734,-87.737028260635,"(41.87794976217337, -87.737028260635)"
"1601988",5009,"05/05/2009 05:40:00 AM","059XX S NORMAL BLVD","HOMICIDE","FIRST DEGREE MURDER",1174020,1865454,2009,41.7862115656455,-87.6374950793994,"(41.78621156564545, -87.63749507939937)"
"1603610",5008,"05/03/2009 04:33:00 PM","048XX N TROY ST","HOMICIDE","FIRST DEGREE MURDER",1154465,1931855,2009,41.9688346815356,-87.7074184386036,"(41.968834681535554, -87.70741843860355)"
"1603692",5007,"05/03/2009 02:54:00 PM","075XX S COLES AVE","HOMICIDE","FIRST DEGREE MURDER",1195926,1855568,2009,41.7585691704469,-87.5575050690212,"(41.75856917044687, -87.55750506902119)"
"1603953",5006,"05/03/2009 05:53:00 AM","010XX N KEDZIE AVE","HOMICIDE","FIRST DEGREE MURDER",1154885,1906718,2009,41.899848435391,-87.7065498368972,"(41.899848435391014, -87.7065498368972)"
"1603954",5005,"05/03/2009 05:53:00 AM","010XX N KEDZIE AVE","HOMICIDE","FIRST DEGREE MURDER",1154885,1906718,2009,41.899848435391,-87.7065498368972,"(41.899848435391014, -87.7065498368972)"
"1604171",5004,"05/03/2009 12:10:00 AM","048XX N TROY ST","HOMICIDE","FIRST DEGREE MURDER",1154465,1931855,2009,41.9688346815356,-87.7074184386036,"(41.968834681535554, -87.70741843860355)"
"1604270",5003,"05/02/2009 10:35:00 PM","030XX W 54TH PL","HOMICIDE","FIRST DEGREE MURDER",1156839,1868295,2009,41.7943719596964,-87.7004128555107,"(41.79437195969636, -87.7004128555107)"
"1604698",5002,"05/02/2009 03:15:00 PM","003XX E 337","HOMICIDE","FIRST DEGREE MURDER",1180538,1834049,2009,41.6998853992568,-87.6145588015516,"(41.69988539925679, -87.61455880155155)"
"1605046",5011,"05/02/2009 05:02:00 AM","083XX S SAGINAW AVE","HOMICIDE","FIRST DEGREE MURDER",1195318,1850418,2009,41.7444521995585,-87.5599029629377,"(41.74445219955854, -87.55990296293768)"
"1605094",5001,"05/02/2009 03:15:00 AM","105XX S WABASH AVE","HOMICIDE","FIRST DEGREE MURDER",1178394,1835267,2009,41.7032765947656,-87.6223723766416,"(41.703276594765576, -87.62237237664164)"
"1605220",5000,"05/02/2009 12:05:00 AM","071XX S WASHTENAW AVE","HOMICIDE","FIRST DEGREE MURDER",1159642,1857405,2009,41.7644311751108,-87.6904328334152,"(41.76443117511082, -87.69043283341519)"
"1607638",4997,"04/30/2009 12:41:00 AM","053XX W CHICAGO AVE","HOMICIDE","FIRST DEGREE MURDER",1140448,1904853,2009,41.8950078470467,-87.7596235412126,"(41.89500784704669, -87.75962354121256)"
"1607654",4999,"04/30/2009 12:01:00 AM","004XX N 401","HOMICIDE","FIRST DEGREE MURDER",1141671,1902259,2009,41.8878670700439,-87.7551959173293,"(41.88786707004385, -87.7551959173293)"
"1608998",4996,"04/28/2009 08:45:00 PM","009XX W 955","HOMICIDE","FIRST DEGREE MURDER",1170648,1868177,2009,41.7937580070361,-87.6497791095162,"(41.79375800703612, -87.64977910951622)"
"1610514",4993,"04/27/2009 01:16:00 PM","034XX S GILES AVE","HOMICIDE","FIRST DEGREE MURDER",1178788,1882219,2009,41.8321089590665,-87.6195027706128,"(41.83210895906645, -87.6195027706128)"
"1610885",4995,"04/27/2009 05:55:00 AM","018XX N ST LOUIS AVE","HOMICIDE","FIRST DEGREE MURDER",1153003,1912209,2009,41.9149537661103,-87.7133167016765,"(41.91495376611025, -87.71331670167653)"
"1610966",4994,"04/27/2009 01:20:00 AM","078XX S ESSEX AVE","HOMICIDE","FIRST DEGREE MURDER",1194254,1853701,2009,41.7534871931295,-87.5636939086725,"(41.753487193129544, -87.5636939086725)"
"1611592",4992,"04/26/2009 02:45:00 PM","132XX S ELLIS AVE","HOMICIDE","FIRST DEGREE MURDER",1185501,1817519,2009,41.6544097357372,-87.5969038419868,"(41.65440973573724, -87.59690384198683)"
"1612450",4990,"04/25/2009 04:42:00 PM","052XX S CARPENTER ST","HOMICIDE","FIRST DEGREE MURDER",1170157,1870250,2009,41.7994572486775,-87.6515192779812,"(41.79945724867752, -87.65151927798122)"
"1614215",4991,"04/24/2009 08:28:00 AM","016XX S LOOMIS ST","HOMICIDE","FIRST DEGREE MURDER",1167341,1892083,2009,41.8594300370044,-87.6612198498574,"(41.85943003700441, -87.66121984985739)"
"1614470",4989,"04/23/2009 11:05:00 PM","014XX N MASON AVE","HOMICIDE","FIRST DEGREE MURDER",1136387,1908959,2009,41.9063487717312,-87.7744405134584,"(41.90634877173121, -87.77444051345843)"
"1614942",4987,"04/23/2009 03:30:00 PM","020XX W HOWARD ST","HOMICIDE","FIRST DEGREE MURDER",1161051,1950315,2009,42.0193549655499,-87.6826861349707,"(42.019354965549915, -87.68268613497065)"
"1615038",4988,"04/23/2009 02:17:00 PM","038XX W FLOURNOY ST","HOMICIDE","FIRST DEGREE MURDER",1151001,1896797,2009,41.8727011433689,-87.7210759020862,"(41.87270114336892, -87.72107590208624)"
"1615468",4985,"04/23/2009 12:48:00 AM","044XX W WALTON ST","HOMICIDE","FIRST DEGREE MURDER",1146772,1905921,2009,41.8978201673226,-87.7363696111508,"(41.89782016732261, -87.73636961115078)"
"1615619",4983,"04/22/2009 10:15:00 PM","078XX S DR MARTIN LUTHER KING JR DR","HOMICIDE","FIRST DEGREE MURDER",1180232,1852747,2009,41.7512020329526,-87.6151080080616,"(41.75120203295258, -87.61510800806164)"
"1615673",4982,"04/22/2009 09:37:00 PM","070XX S SANGAMON ST","HOMICIDE","FIRST DEGREE MURDER",1171228,1858201,2009,41.7663700213506,-87.6479438662894,"(41.766370021350596, -87.64794386628942)"
"1615963",4984,"04/22/2009 05:47:00 PM","010XX N MONTICELLO AVE","HOMICIDE","FIRST DEGREE MURDER",1151884,1907013,2009,41.9007175800355,-87.717564836094,"(41.90071758003552, -87.71756483609397)"
"1616131",4986,"04/22/2009 03:00:00 PM","091XX S STONY ISLAND AVE","HOMICIDE","FIRST DEGREE MURDER",1188543,1844941,2009,41.7295871860149,-87.584901487341,"(41.7295871860149, -87.58490148734104)"
"1616670",4981,"04/22/2009 01:12:00 AM","107XX S HOXIE AVE","HOMICIDE","FIRST DEGREE MURDER",1195191,1833981,2009,41.6993506974614,-87.5609086795608,"(41.69935069746141, -87.56090867956075)"
"1617699",4980,"04/21/2009 02:50:00 AM","063XX S ELLIS AVE","HOMICIDE","FIRST DEGREE MURDER",1184186,1863136,2009,41.7796189568793,-87.6002942676579,"(41.77961895687927, -87.6002942676579)"
"1619204",4978,"04/19/2009 03:48:00 PM","010XX N MASON AVE","HOMICIDE","FIRST DEGREE MURDER",1136459,1906600,2009,41.8998740959409,-87.7742325029956,"(41.89987409594088, -87.77423250299559)"
"1619227",4979,"04/19/2009 03:15:00 PM","033XX W DIVISION ST","HOMICIDE","FIRST DEGREE MURDER",1153841,1907824,2009,41.902904268738,-87.7103549808026,"(41.902904268737956, -87.71035498080256)"
"1619581",4977,"04/19/2009 04:12:00 AM","005XX W 550","HOMICIDE","FIRST DEGREE MURDER",1173892,1848514,2009,41.7397290211829,-87.6384661207409,"(41.739729021182896, -87.63846612074093)"
"1620826",4974,"04/18/2009 12:16:00 AM","071XX S VINCENNES AVE","HOMICIDE","FIRST DEGREE MURDER",1176496,1857465,2009,41.7642335401651,-87.6286568927652,"(41.76423354016511, -87.62865689276515)"
"1621387",4975,"04/17/2009 04:05:00 PM","079XX S DR MARTIN LUTHER KING JR DR","HOMICIDE","FIRST DEGREE MURDER",1180234,1852680,2009,41.7510181316603,-87.6151027286569,"(41.75101813166032, -87.61510272865692)"
"1621498",4976,"04/17/2009 02:40:00 PM","033XX W MADISON ST","HOMICIDE","FIRST DEGREE MURDER",1154033,1899776,2009,41.8808159450893,-87.7098645287076,"(41.88081594508934, -87.70986452870763)"
"1622075",4973,"04/17/2009 12:58:00 AM","017XX W 50TH ST","HOMICIDE","FIRST DEGREE MURDER",1165370,1871501,2009,41.8029929947679,-87.6690389952124,"(41.802992994767905, -87.66903899521238)"
"1623006",4998,"04/16/2009 09:20:00 AM","013XX S THROOP ST","HOMICIDE","FIRST DEGREE MURDER",1167959,1893843,2009,41.8642463271166,-87.6589006185707,"(41.864246327116646, -87.65890061857066)"
"1623788",4972,"04/15/2009 03:45:00 PM","044XX W LEXINGTON ST","HOMICIDE","FIRST DEGREE MURDER",1146938,1896305,2009,41.871429594327,-87.7360057433349,"(41.871429594326976, -87.73600574333493)"
"1624784",4971,"04/14/2009 06:19:00 PM","016XX W 119TH ST","HOMICIDE","FIRST DEGREE MURDER",1167315,1825826,2009,41.6776127272908,-87.6632101809314,"(41.67761272729082, -87.66321018093137)"
"1630212",4970,"04/09/2009 11:16:00 AM","026XX W 24TH PL","HOMICIDE","FIRST DEGREE MURDER",1158997,1887700,2009,41.8475777766225,-87.691968329056,"(41.8475777766225, -87.69196832905604)"
"1630433",4969,"04/09/2009 03:17:00 AM","043XX W THOMAS ST","HOMICIDE","FIRST DEGREE MURDER",1146915,1906927,2009,41.9005780075075,-87.7358186473749,"(41.90057800750747, -87.73581864737486)"
"1630731",4968,"04/08/2009 09:07:00 PM","093XX S GREENWOOD AVE","HOMICIDE","FIRST DEGREE MURDER",1185140,1843033,2009,41.7244319406301,-87.5974272068393,"(41.72443194063011, -87.5974272068393)"
"1631274",4967,"04/08/2009 12:33:00 PM","077XX S CARPENTER ST","HOMICIDE","FIRST DEGREE MURDER",1170620,1853292,2009,41.7529123693918,-87.6503152705328,"(41.752912369391794, -87.65031527053276)"
"1632689",4965,"04/07/2009 04:45:00 AM","014XX N MASON AVE","HOMICIDE","FIRST DEGREE MURDER",1136474,1908736,2009,41.9057352765093,-87.7741262638584,"(41.90573527650934, -87.77412626385845)"
"1633164",4966,"04/06/2009 05:25:00 PM","006XX N 600","HOMICIDE","FIRST DEGREE MURDER",1151239,1903772,2009,41.8918366299711,-87.7200190764535,"(41.89183662997106, -87.7200190764535)"
"1633769",4964,"04/05/2009 11:13:00 PM","062XX S CAMPBELL AVE","HOMICIDE","FIRST DEGREE MURDER",1160743,1862877,2009,41.7794244697002,-87.6862464560836,"(41.77942446970015, -87.68624645608362)"
"1635594",4962,"04/04/2009 01:11:00 AM","064XX S INGLESIDE AVE","HOMICIDE","FIRST DEGREE MURDER",1183794,1862415,2009,41.777649628608,-87.6017538585235,"(41.77764962860798, -87.60175385852345)"
"1636089",4961,"04/03/2009 05:27:00 PM","054XX W DIVISION ST","HOMICIDE","FIRST DEGREE MURDER",1139731,1907421,2009,41.9020678742455,-87.7621941420643,"(41.90206787424547, -87.76219414206427)"
"1637138",4960,"04/02/2009 05:42:00 PM","061XX S COTTAGE GROVE AVE","HOMICIDE","FIRST DEGREE MURDER",1182658,1864542,2009,41.7835127564619,-87.6058524329496,"(41.78351275646185, -87.60585243294959)"
"1638923",4959,"04/01/2009 06:00:00 AM","068XX S PEORIA ST","HOMICIDE","FIRST DEGREE MURDER",1171450,1859367,2009,41.7695648108249,-87.6470960571736,"(41.769564810824875, -87.64709605717357)"
"1642421",4958,"03/28/2009 03:54:00 PM","107XX S EGGLESTON AVE","HOMICIDE","FIRST DEGREE MURDER",1175236,1833549,2009,41.698633111208,-87.6339873116401,"(41.69863311120802, -87.6339873116401)"
"1644048",4957,"03/27/2009 01:43:00 AM","041XX W TAYLOR ST","HOMICIDE","FIRST DEGREE MURDER",1149063,1895494,2009,41.8691632720046,-87.7282249694146,"(41.86916327200464, -87.7282249694146)"
"1644934",19268,"03/26/2009 12:00:00 PM","052XX S CALUMET AVE","HOMICIDE","FIRST DEGREE MURDER",1179407,1870515,2009,41.7999780875073,-87.61758929608,"(41.79997808750727, -87.61758929607996)"
"1646572",4956,"03/24/2009 11:20:00 PM","091XX S LOOMIS ST","HOMICIDE","FIRST DEGREE MURDER",1168553,1844374,2009,41.7284848941368,-87.658146414913,"(41.72848489413685, -87.65814641491299)"
"1649582",4955,"03/22/2009 08:12:00 AM","009XX E 911","HOMICIDE","FIRST DEGREE MURDER",1183817,1849444,2009,41.7420553784997,-87.6020737591758,"(41.74205537849973, -87.60207375917582)"
"1652824",4954,"03/19/2009 12:59:00 PM","032XX S LAWNDALE AVE","HOMICIDE","FIRST DEGREE MURDER",1152188,1882515,2009,41.8334863103332,-87.7170941617037,"(41.833486310333186, -87.71709416170371)"
"1654512",4953,"03/17/2009 10:14:00 PM","017XX N KARLOV AVE","HOMICIDE","FIRST DEGREE MURDER",1148811,1911538,2009,41.9131946040195,-87.7287350989558,"(41.913194604019516, -87.72873509895584)"
"1654641",4950,"03/17/2009 08:49:00 PM","015XX E 65TH PL","HOMICIDE","FIRST DEGREE MURDER",1187511,1861910,2009,41.7761762856653,-87.5881435267975,"(41.776176285665294, -87.58814352679747)"
"1655037",4952,"03/17/2009 03:04:00 PM","050XX W LE MOYNE ST","HOMICIDE","FIRST DEGREE MURDER",1142190,1909457,2009,41.907609608907,-87.7531111853364,"(41.907609608907045, -87.75311118533642)"
"1655292",4951,"03/17/2009 11:11:00 AM","018XX S MILLARD AVE","HOMICIDE","FIRST DEGREE MURDER",1152286,1890944,2009,41.8566145962401,-87.7165124456546,"(41.856614596240114, -87.71651244565464)"
"1656658",4949,"03/16/2009 12:22:00 AM","122XX S HARVARD AVE","HOMICIDE","FIRST DEGREE MURDER",1176210,1823516,2009,41.6710792702403,-87.6307206138611,"(41.671079270240256, -87.63072061386114)"
"1658866",4948,"03/13/2009 11:35:00 PM","011XX W 110TH ST","HOMICIDE","FIRST DEGREE MURDER",1170785,1831816,2009,41.693975507358,-87.6503350204175,"(41.69397550735798, -87.65033502041751)"
"1662039",4947,"03/11/2009 10:15:00 AM","032XX W WALNUT ST","HOMICIDE","FIRST DEGREE MURDER",1154654,1901403,2009,41.8852681942274,-87.7075406895217,"(41.8852681942274, -87.70754068952166)"
"1662532",4946,"03/10/2009 08:38:00 PM","049XX N RIDGEWAY AVE","HOMICIDE","FIRST DEGREE MURDER",1150542,1932374,2009,41.9703365906436,-87.7218296768977,"(41.97033659064365, -87.72182967689773)"
"1663498",4945,"03/09/2009 11:00:00 PM","116XX S CHURCH ST","HOMICIDE","FIRST DEGREE MURDER",1165274,1827479,2009,41.6821921705356,-87.6706343924622,"(41.68219217053562, -87.67063439246225)"
"1666257",4944,"03/07/2009 01:54:00 AM","005XX N 552","HOMICIDE","FIRST DEGREE MURDER",1138889,1903321,2009,41.8908323115859,-87.7653866652408,"(41.890832311585946, -87.76538666524083)"
"1666394",4943,"03/06/2009 11:55:00 PM","032XX E 92ND ST","HOMICIDE","FIRST DEGREE MURDER",1199495,1844617,2009,41.7284297822989,-87.5447930380732,"(41.728429782298875, -87.54479303807324)"
"1667039",4942,"03/06/2009 02:46:00 PM","031XX N NEWCASTLE AVE","HOMICIDE","FIRST DEGREE MURDER",1130243,1920186,2009,41.937264697281,-87.7967521733322,"(41.93726469728101, -87.79675217333218)"
"1670946",4941,"03/03/2009 12:01:00 AM","055XX W MONROE ST","HOMICIDE","FIRST DEGREE MURDER",1139431,1899150,2009,41.8793766944176,-87.7634978590416,"(41.879376694417616, -87.7634978590416)"
"1672364",4940,"03/01/2009 09:05:00 AM","105XX S NORMAL AVE","HOMICIDE","FIRST DEGREE MURDER",1174859,1835116,2009,41.7029415828205,-87.635321196884,"(41.70294158282045, -87.63532119688405)"
"1674589",4939,"02/27/2009 08:00:00 AM","026XX W 25TH ST","HOMICIDE","FIRST DEGREE MURDER",1159376,1887274,2009,41.8464010106797,-87.6905890902751,"(41.84640101067966, -87.6905890902751)"
"1675818",4936,"02/25/2009 10:00:00 PM","056XX S LAFLIN ST","HOMICIDE","FIRST DEGREE MURDER",1167269,1866968,2009,41.7905134261161,-87.6622042780197,"(41.79051342611612, -87.66220427801974)"
"1676355",4938,"02/25/2009 01:41:00 PM","056XX W WEST END AVE","HOMICIDE","FIRST DEGREE MURDER",1138918,1900955,2009,41.8843391800629,-87.7653376763627,"(41.88433918006287, -87.76533767636268)"
"1677023",4937,"02/24/2009 08:50:00 PM","037XX W AUGUSTA BLVD","HOMICIDE","FIRST DEGREE MURDER",1151010,1906365,2009,41.8989565734475,-87.7207921092677,"(41.89895657344751, -87.72079210926769)"
"1678275",4935,"02/23/2009 03:10:00 PM","008XX N 805","HOMICIDE","FIRST DEGREE MURDER",1141580,1904911,2009,41.8951461595904,-87.7554645134641,"(41.89514615959038, -87.7554645134641)"
"1679399",4934,"02/22/2009 05:58:00 AM","013XX S LOOMIS ST","HOMICIDE","FIRST DEGREE MURDER",1167287,1894030,2009,41.864773931021,-87.6613621285564,"(41.86477393102102, -87.66136212855643)"
"1680341",4933,"02/21/2009 01:45:00 AM","025XX W 42ND ST","HOMICIDE","FIRST DEGREE MURDER",1160371,1876778,2009,41.8175782973461,-87.6872272018034,"(41.81757829734608, -87.6872272018034)"
"1680981",4930,"02/20/2009 02:59:00 PM","087XX S EXCHANGE AVE","HOMICIDE","FIRST DEGREE MURDER",1197237,1847817,2009,41.7372673077468,-87.5529580932318,"(41.737267307746784, -87.5529580932318)"
"1680982",4932,"02/20/2009 02:59:00 PM","087XX S EXCHANGE AVE","HOMICIDE","FIRST DEGREE MURDER",1197237,1847817,2009,41.7372673077468,-87.5529580932318,"(41.737267307746784, -87.5529580932318)"
"1680983",4931,"02/20/2009 02:59:00 PM","087XX S EXCHANGE AVE","HOMICIDE","FIRST DEGREE MURDER",1197237,1847817,2009,41.7372673077468,-87.5529580932318,"(41.737267307746784, -87.5529580932318)"
"1682900",4929,"02/18/2009 04:30:00 PM","015XX W 58TH ST","HOMICIDE","FIRST DEGREE MURDER",1167238,1866229,2009,41.7884861849325,-87.6623390954583,"(41.78848618493248, -87.66233909545832)"
"1683967",4928,"02/17/2009 05:52:00 PM","072XX S CALUMET AVE","HOMICIDE","FIRST DEGREE MURDER",1179770,1857114,2009,41.763196130488,-87.6166676832642,"(41.76319613048797, -87.61666768326423)"
"1685541",4927,"02/16/2009 03:07:00 AM","078XX S WESTERN AVE","HOMICIDE","FIRST DEGREE MURDER",1161787,1852296,2009,41.7503670633765,-87.6827124286151,"(41.75036706337652, -87.68271242861506)"
"1686296",4926,"02/15/2009 07:01:00 AM","029XX W 63RD ST","HOMICIDE","FIRST DEGREE MURDER",1157506,1862675,2009,41.7789363822252,-87.6981192241892,"(41.778936382225176, -87.69811922418921)"
"1686339",4925,"02/15/2009 04:45:00 AM","015XX S AVERS AVE","HOMICIDE","FIRST DEGREE MURDER",1150917,1892381,2009,41.8605847731996,-87.7214998604317,"(41.860584773199584, -87.72149986043169)"
"1686560",4924,"02/14/2009 11:55:00 PM","019XX S LOOMIS ST","HOMICIDE","FIRST DEGREE MURDER",1167302,1890678,2009,41.8555754316685,-87.6614033666205,"(41.855575431668456, -87.66140336662046)"
"1686584",4923,"02/14/2009 11:10:00 PM","024XX W ADAMS ST","HOMICIDE","FIRST DEGREE MURDER",1159865,1898911,2009,41.878324048499,-87.6884736970609,"(41.878324048499046, -87.68847369706091)"
"1686829",4922,"02/14/2009 06:55:00 PM","075XX S WABASH AVE","HOMICIDE","FIRST DEGREE MURDER",1178070,1854693,2009,41.7565913327456,-87.6229717311242,"(41.75659133274559, -87.62297173112422)"
"1687748",4921,"02/13/2009 09:38:00 PM","052XX W LAKE ST","HOMICIDE","FIRST DEGREE MURDER",1141396,1901990,2009,41.8871339807963,-87.7562124645518,"(41.88713398079635, -87.75621246455175)"
"1687749",4920,"02/13/2009 09:38:00 PM","052XX W LAKE ST","HOMICIDE","FIRST DEGREE MURDER",1141396,1901990,2009,41.8871339807963,-87.7562124645518,"(41.88713398079635, -87.75621246455175)"
"1689131",4919,"02/12/2009 04:26:00 PM","059XX S CAMPBELL AVE","HOMICIDE","FIRST DEGREE MURDER",1160677,1865347,2009,41.7862038512313,-87.6864202934207,"(41.786203851231285, -87.68642029342067)"
"1692977",4917,"02/08/2009 10:37:00 PM","062XX S LAFLIN ST","HOMICIDE","FIRST DEGREE MURDER",1167444,1863281,2009,41.780392096921,-87.6616682064109,"(41.78039209692098, -87.66166820641087)"
"1693743",4916,"02/08/2009 02:15:00 AM","072XX S RACINE AVE","HOMICIDE","FIRST DEGREE MURDER",1169620,1856528,2009,41.7618141049405,-87.6538862126257,"(41.7618141049405, -87.65388621262575)"
"1694214",4918,"02/07/2009 05:30:00 PM","103XX S DOTY AVE E","HOMICIDE","FIRST DEGREE MURDER",1189716,1837029,2009,41.7078477509854,-87.580857855672,"(41.70784775098541, -87.58085785567197)"
"1700777",4915,"02/01/2009 02:00:00 AM","081XX S DREXEL AVE","HOMICIDE","FIRST DEGREE MURDER",1183697,1850974,2009,41.7462566600455,-87.6024658192075,"(41.746256660045475, -87.60246581920748)"
"1701825",4912,"01/31/2009 01:10:00 AM","039XX W ARGYLE ST","HOMICIDE","FIRST DEGREE MURDER",1149328,1932976,2009,41.9720122102465,-87.7262779769072,"(41.9720122102465, -87.72627797690717)"
"1701827",4913,"01/31/2009 01:10:00 AM","039XX W ARGYLE ST","HOMICIDE","FIRST DEGREE MURDER",1149328,1932976,2009,41.9720122102465,-87.7262779769072,"(41.9720122102465, -87.72627797690717)"
"1701998",4914,"01/30/2009 09:50:00 PM","006XX N 638","HOMICIDE","FIRST DEGREE MURDER",1151892,1904195,2009,41.8929845514851,-87.717609735031,"(41.89298455148508, -87.71760973503098)"
"1702829",4911,"01/30/2009 04:04:00 AM","014XX W LAKE ST","HOMICIDE","FIRST DEGREE MURDER",1166665,1901500,2009,41.8852855486222,-87.6634314566238,"(41.88528554862215, -87.66343145662375)"
"1702830",4910,"01/30/2009 03:50:00 AM","081XX S EBERHART AVE","HOMICIDE","FIRST DEGREE MURDER",1181031,1851083,2009,41.746617492308,-87.6122311980503,"(41.74661749230799, -87.61223119805032)"
"1703553",4909,"01/29/2009 11:30:00 AM","122XX S STATE ST","HOMICIDE","FIRST DEGREE MURDER",1178419,1823840,2009,41.6719186669571,-87.6226260391495,"(41.67191866695713, -87.62262603914952)"
"1704004",4907,"01/28/2009 09:00:00 PM","081XX S HOUSTON AVE","HOMICIDE","FIRST DEGREE MURDER",1197861,1851648,2009,41.747764310389,-87.5505443141368,"(41.74776431038902, -87.55054431413679)"
"1704086",4908,"01/28/2009 07:31:00 PM","016XX S LOOMIS ST","HOMICIDE","FIRST DEGREE MURDER",1167345,1891955,2009,41.8590787079904,-87.6612088452583,"(41.85907870799044, -87.66120884525829)"
"1704659",4906,"01/28/2009 08:37:00 AM","068XX S INDIANA AVE","HOMICIDE","FIRST DEGREE MURDER",1178811,1859776,2009,41.7705228150674,-87.620101666983,"(41.77052281506737, -87.62010166698303)"
"1704660",4905,"01/28/2009 08:37:00 AM","068XX S INDIANA AVE","HOMICIDE","FIRST DEGREE MURDER",1178811,1859776,2009,41.7705228150674,-87.620101666983,"(41.77052281506737, -87.62010166698303)"
"1705794",4904,"01/27/2009 01:10:00 AM","020XX W 70TH PL","HOMICIDE","FIRST DEGREE MURDER",1163942,1857861,2009,41.7655932285428,-87.6746593490716,"(41.76559322854277, -87.67465934907158)"
"1707104",4903,"01/25/2009 02:45:00 PM","011XX W 122ND ST","HOMICIDE","FIRST DEGREE MURDER",1170787,1823930,2009,41.6723349793461,-87.6505565168199,"(41.672334979346076, -87.65055651681992)"
"1707870",4901,"01/24/2009 05:45:00 PM","0000X W 15TH ST","HOMICIDE","FIRST DEGREE MURDER",1176031,1893021,2009,41.8618128699927,-87.6292935410453,"(41.86181286999274, -87.62929354104533)"
"1707873",4902,"01/24/2009 05:45:00 PM","0000X W 15TH ST","HOMICIDE","FIRST DEGREE MURDER",1176031,1893021,2009,41.8618128699927,-87.6292935410453,"(41.86181286999274, -87.62929354104533)"
"1708342",4900,"01/24/2009 02:26:00 AM","037XX W LEXINGTON ST","HOMICIDE","FIRST DEGREE MURDER",1151535,1896484,2009,41.8718317675006,-87.7191235529234,"(41.87183176750057, -87.71912355292336)"
"1713332",4899,"01/18/2009 11:00:00 PM","046XX S DRAKE AVE","HOMICIDE","FIRST DEGREE MURDER",1153566,1873563,2009,41.808893598113,-87.7122753758675,"(41.80889359811297, -87.71227537586746)"
"1714949",4898,"01/17/2009 02:56:00 AM","062XX S SACRAMENTO AVE","HOMICIDE","FIRST DEGREE MURDER",1157408,1863322,2009,41.7807138300521,-87.698460991244,"(41.7807138300521, -87.69846099124396)"
"1718512",4897,"01/13/2009 03:04:00 AM","065XX S WESTERN AVE","HOMICIDE","FIRST DEGREE MURDER",1161450,1861454,2009,41.7755049324466,-87.6836939103421,"(41.77550493244658, -87.6836939103421)"
"1720121",4896,"01/11/2009 09:00:00 AM","010XX W 90TH ST","HOMICIDE","FIRST DEGREE MURDER",1170777,1845168,2009,41.7306155828275,-87.6499763403444,"(41.730615582827475, -87.64997634034435)"
"1720361",4895,"01/10/2009 11:15:00 PM","050XX S WABASH AVE","HOMICIDE","FIRST DEGREE MURDER",1177617,1871261,2009,41.8020658940725,-87.6241311140435,"(41.80206589407249, -87.62413111404355)"
"1722614",4894,"01/08/2009 04:28:00 PM","059XX S SPRINGFIELD AVE","HOMICIDE","FIRST DEGREE MURDER",1151438,1864572,2009,41.7842628934753,-87.7203157001543,"(41.78426289347525, -87.72031570015432)"
"1726514",4893,"01/04/2009 04:39:00 PM","092XX S DOBSON AVE","HOMICIDE","FIRST DEGREE MURDER",1184792,1843827,2009,41.7266189236432,-87.5986770882651,"(41.726618923643215, -87.59867708826508)"
"1727448",4892,"01/03/2009 06:04:00 PM","021XX E 68TH ST","HOMICIDE","FIRST DEGREE MURDER",1191444,1860339,2009,41.7717709180849,-87.5737765463761,"(41.77177091808488, -87.57377654637612)"
"1728022",4891,"01/03/2009 04:44:00 AM","113XX S RACINE AVE","HOMICIDE","FIRST DEGREE MURDER",1170392,1829703,2009,41.6881856357389,-87.651835097817,"(41.688185635738904, -87.65183509781704)"
"1730273",4890,"01/01/2009 05:40:00 AM","001XX N 169","HOMICIDE","FIRST DEGREE MURDER",1170737,1901466,2009,41.8851040490254,-87.648479437067,"(41.885104049025394, -87.64847943706695)"
